{"nodes":[{"task_name":"task_0","dependencies":[],"instance_cnt":2,"flops":63.0},{"task_name":"task_1","dependencies":[0],"instance_cnt":2,"flops":19.0},{"task_name":"task_2","dependencies":[1],"instance_cnt":2,"flops":12.0},{"task_name":"task_3","dependencies":[0],"instance_cnt":2,"flops":19.0},{"task_name":"task_4","dependencies":[3],"instance_cnt":2,"flops":9.249485793111214},{"task_name":"task_5","dependencies":[0],"instance_cnt":2,"flops":12.0},{"task_name":"task_6","dependencies":[0],"instance_cnt":2,"flops":12.0},{"task_name":"task_7","dependencies":[0],"instance_cnt":2,"flops":19.0},{"task_name":"task_8","dependencies":[0],"instance_cnt":2,"flops":12.0},{"task_name":"task_9","dependencies":[0],"instance_cnt":2,"flops":19.0}],"node_holes":[],"edge_property":"directed","edges":[[0,1,1],[1,2,1],[0,3,1],[3,4,1],[0,5,1],[0,6,1],[0,7,1],[0,8,1],[0,9,1]]}