{"nodes":[{"task_name":"task_0","dependencies":[],"instance_cnt":8,"flops":18.0},{"task_name":"task_1","dependencies":[0],"instance_cnt":8,"flops":71.0},{"task_name":"task_2","dependencies":[1],"instance_cnt":4,"flops":85.0},{"task_name":"task_3","dependencies":[0],"instance_cnt":8,"flops":71.0},{"task_name":"task_4","dependencies":[0],"instance_cnt":8,"flops":71.0},{"task_name":"task_5","dependencies":[3],"instance_cnt":8,"flops":33.63774257006844},{"task_name":"task_6","dependencies":[4],"instance_cnt":7,"flops":85.0},{"task_name":"task_7","dependencies":[0],"instance_cnt":8,"flops":71.0},{"task_name":"task_8","dependencies":[2],"instance_cnt":4,"flops":85.0},{"task_name":"task_9","dependencies":[0],"instance_cnt":8,"flops":71.0},{"task_name":"task_10","dependencies":[2],"instance_cnt":4,"flops":85.0},{"task_name":"task_11","dependencies":[0],"instance_cnt":8,"flops":85.0},{"task_name":"task_12","dependencies":[1],"instance_cnt":8,"flops":85.0},{"task_name":"task_13","dependencies":[0],"instance_cnt":2,"flops":12.133152928560158}],"node_holes":[],"edge_property":"directed","edges":[[0,1,1],[1,2,1],[0,3,1],[0,4,1],[3,5,1],[4,6,1],[0,7,1],[2,8,1],[0,9,1],[2,10,1],[0,11,1],[1,12,1],[0,13,1]]}