{"nodes":[{"task_name":"task_0","dependencies":[],"instance_cnt":8,"flops":18.0},{"task_name":"task_1","dependencies":[0],"instance_cnt":8,"flops":54.5223218329048},{"task_name":"task_2","dependencies":[1],"instance_cnt":8,"flops":85.0},{"task_name":"task_3","dependencies":[0],"instance_cnt":8,"flops":71.0},{"task_name":"task_4","dependencies":[0],"instance_cnt":8,"flops":71.0},{"task_name":"task_5","dependencies":[3],"instance_cnt":8,"flops":85.0},{"task_name":"task_6","dependencies":[4],"instance_cnt":7,"flops":85.0},{"task_name":"task_7","dependencies":[0],"instance_cnt":8,"flops":71.0},{"task_name":"task_8","dependencies":[1],"instance_cnt":4,"flops":72.38188192667766},{"task_name":"task_9","dependencies":[0],"instance_cnt":8,"flops":18.701622533436986},{"task_name":"task_10","dependencies":[0],"instance_cnt":8,"flops":33.320982534115096},{"task_name":"task_11","dependencies":[1],"instance_cnt":8,"flops":85.0},{"task_name":"task_12","dependencies":[0],"instance_cnt":8,"flops":13.669200733417052},{"task_name":"task_13","dependencies":[0],"instance_cnt":8,"flops":71.0},{"task_name":"task_14","dependencies":[0],"instance_cnt":8,"flops":69.05569703514077},{"task_name":"task_15","dependencies":[1],"instance_cnt":8,"flops":85.0}],"node_holes":[],"edge_property":"directed","edges":[[0,1,1],[1,2,1],[0,3,1],[0,4,1],[3,5,1],[4,6,1],[0,7,1],[1,8,1],[0,9,1],[0,10,1],[1,11,1],[0,12,1],[0,13,1],[0,14,1],[1,15,1]]}