{"nodes":[{"task_name":"task1","dependencies":[],"instance_cnt":3,"flops":93.0},{"task_name":"task2","dependencies":[0],"instance_cnt":1,"flops":98.0},{"task_name":"task3","dependencies":[1],"instance_cnt":1,"flops":108.0},{"task_name":"task4","dependencies":[0],"instance_cnt":1,"flops":98.0},{"task_name":"task5","dependencies":[3],"instance_cnt":1,"flops":115.0},{"task_name":"task6","dependencies":[0],"instance_cnt":1,"flops":95.0},{"task_name":"task7","dependencies":[5],"instance_cnt":1,"flops":99.0},{"task_name":"task8","dependencies":[0],"instance_cnt":1,"flops":96.0},{"task_name":"task9","dependencies":[7],"instance_cnt":1,"flops":103.0},{"task_name":"task10","dependencies":[0],"instance_cnt":1,"flops":97.0},{"task_name":"task11","dependencies":[9],"instance_cnt":1,"flops":103.0},{"task_name":"task12","dependencies":[0],"instance_cnt":1,"flops":97.0},{"task_name":"task13","dependencies":[11],"instance_cnt":1,"flops":102.0},{"task_name":"task14","dependencies":[0],"instance_cnt":1,"flops":95.0},{"task_name":"task15","dependencies":[13],"instance_cnt":1,"flops":99.0},{"task_name":"task16","dependencies":[0],"instance_cnt":1,"flops":96.0},{"task_name":"task17","dependencies":[15],"instance_cnt":1,"flops":100.0},{"task_name":"task18","dependencies":[0],"instance_cnt":1,"flops":96.0},{"task_name":"task19","dependencies":[17],"instance_cnt":1,"flops":103.0},{"task_name":"task20","dependencies":[0],"instance_cnt":1,"flops":96.0},{"task_name":"task21","dependencies":[19],"instance_cnt":1,"flops":102.0},{"task_name":"task22","dependencies":[0],"instance_cnt":1,"flops":96.0},{"task_name":"task23","dependencies":[21],"instance_cnt":1,"flops":101.0},{"task_name":"task24","dependencies":[0],"instance_cnt":1,"flops":98.0},{"task_name":"task25","dependencies":[23],"instance_cnt":1,"flops":107.0},{"task_name":"task26","dependencies":[0],"instance_cnt":1,"flops":99.0},{"task_name":"task27","dependencies":[25],"instance_cnt":1,"flops":111.0},{"task_name":"task28","dependencies":[0],"instance_cnt":1,"flops":97.0},{"task_name":"task29","dependencies":[27],"instance_cnt":1,"flops":102.0}],"node_holes":[],"edge_property":"directed","edges":[[23,24,1],[1,2,1],[7,8,1],[27,28,1],[0,13,1],[0,17,1],[19,20,1],[13,14,1],[5,6,1],[0,7,1],[0,15,1],[0,21,1],[25,26,1],[0,19,1],[0,3,1],[0,23,1],[0,1,1],[0,11,1],[0,5,1],[21,22,1],[9,10,1],[15,16,1],[3,4,1],[17,18,1],[0,9,1],[11,12,1],[0,25,1],[0,27,1]]}