{"nodes":[{"task_name":"task_0","dependencies":[],"instance_cnt":1,"flops":3.5196499764627536},{"task_name":"task_1","dependencies":[0],"instance_cnt":1,"flops":33.0},{"task_name":"task_2","dependencies":[0],"instance_cnt":1,"flops":33.0},{"task_name":"task_3","dependencies":[0],"instance_cnt":1,"flops":33.0},{"task_name":"task_4","dependencies":[0],"instance_cnt":1,"flops":30.574182447812717},{"task_name":"task_5","dependencies":[0],"instance_cnt":1,"flops":33.0},{"task_name":"task_6","dependencies":[0],"instance_cnt":1,"flops":33.0},{"task_name":"task_7","dependencies":[0],"instance_cnt":1,"flops":33.0},{"task_name":"task_8","dependencies":[0],"instance_cnt":1,"flops":6.092022841393333},{"task_name":"task_9","dependencies":[0],"instance_cnt":1,"flops":16.94390905715696},{"task_name":"task_10","dependencies":[0],"instance_cnt":1,"flops":33.0},{"task_name":"task_11","dependencies":[0],"instance_cnt":1,"flops":33.0}],"node_holes":[],"edge_property":"directed","edges":[[0,1,1],[0,2,1],[0,3,1],[0,4,1],[0,5,1],[0,6,1],[0,7,1],[0,8,1],[0,9,1],[0,10,1],[0,11,1]]}