{"nodes":[{"task_name":"task_0","dependencies":[],"instance_cnt":1,"flops":40.0},{"task_name":"task_1","dependencies":[0],"instance_cnt":1,"flops":40.0},{"task_name":"task_2","dependencies":[1],"instance_cnt":1,"flops":1.0},{"task_name":"task_3","dependencies":[0],"instance_cnt":1,"flops":22.608806424926875},{"task_name":"task_4","dependencies":[0],"instance_cnt":1,"flops":40.0},{"task_name":"task_5","dependencies":[3],"instance_cnt":1,"flops":48.0},{"task_name":"task_6","dependencies":[4],"instance_cnt":1,"flops":48.0},{"task_name":"task_7","dependencies":[0],"instance_cnt":1,"flops":40.0},{"task_name":"task_8","dependencies":[0],"instance_cnt":1,"flops":5.518977482753214},{"task_name":"task_9","dependencies":[0],"instance_cnt":1,"flops":40.0},{"task_name":"task_10","dependencies":[0],"instance_cnt":1,"flops":5.642082582117339},{"task_name":"task_11","dependencies":[0],"instance_cnt":1,"flops":40.0},{"task_name":"task_12","dependencies":[0],"instance_cnt":1,"flops":40.0},{"task_name":"task_13","dependencies":[0],"instance_cnt":1,"flops":34.39719705702814},{"task_name":"task_14","dependencies":[0],"instance_cnt":1,"flops":40.0},{"task_name":"task_15","dependencies":[0],"instance_cnt":1,"flops":2.0956705842014216},{"task_name":"task_16","dependencies":[2],"instance_cnt":1,"flops":48.0},{"task_name":"task_17","dependencies":[1],"instance_cnt":1,"flops":1.0}],"node_holes":[],"edge_property":"directed","edges":[[0,1,1],[1,2,1],[0,3,1],[0,4,1],[3,5,1],[4,6,1],[0,7,1],[0,8,1],[0,9,1],[0,10,1],[0,11,1],[0,12,1],[0,13,1],[0,14,1],[0,15,1],[2,16,1],[1,17,1]]}