{"nodes":[{"task_name":"task1","dependencies":[],"instance_cnt":1,"flops":168.0},{"task_name":"task2","dependencies":[0],"instance_cnt":1,"flops":171.0},{"task_name":"task3","dependencies":[0],"instance_cnt":1,"flops":98.0},{"task_name":"task4","dependencies":[0],"instance_cnt":1,"flops":152.0},{"task_name":"task5","dependencies":[3],"instance_cnt":1,"flops":155.0},{"task_name":"task6","dependencies":[0],"instance_cnt":1,"flops":157.0},{"task_name":"task7","dependencies":[5],"instance_cnt":1,"flops":161.0}],"node_holes":[],"edge_property":"directed","edges":[[0,1,1],[5,6,1],[3,4,1],[0,5,1],[0,2,1],[0,3,1]]}