{"nodes":[{"task_name":"task_0","dependencies":[],"instance_cnt":1,"flops":5.047403399083544},{"task_name":"task_1","dependencies":[0],"instance_cnt":1,"flops":42.0},{"task_name":"task_2","dependencies":[1],"instance_cnt":1,"flops":9.0},{"task_name":"task_3","dependencies":[2],"instance_cnt":1,"flops":31.0},{"task_name":"task_4","dependencies":[2],"instance_cnt":1,"flops":31.0},{"task_name":"task_5","dependencies":[0],"instance_cnt":1,"flops":5.7794787758426045},{"task_name":"task_6","dependencies":[0],"instance_cnt":1,"flops":31.0},{"task_name":"task_7","dependencies":[0],"instance_cnt":1,"flops":31.0},{"task_name":"task_8","dependencies":[0],"instance_cnt":1,"flops":3.3961944607868495},{"task_name":"task_9","dependencies":[0],"instance_cnt":1,"flops":31.0},{"task_name":"task_10","dependencies":[0],"instance_cnt":1,"flops":42.0},{"task_name":"task_11","dependencies":[0],"instance_cnt":1,"flops":12.380033639851519}],"node_holes":[],"edge_property":"directed","edges":[[0,1,1],[1,2,1],[2,3,1],[2,4,1],[0,5,1],[0,6,1],[0,7,1],[0,8,1],[0,9,1],[0,10,1],[0,11,1]]}