{"nodes":[{"task_name":"task_0","dependencies":[],"instance_cnt":1,"flops":31.0},{"task_name":"task_1","dependencies":[0],"instance_cnt":1,"flops":16.83530022627087},{"task_name":"task_2","dependencies":[0],"instance_cnt":1,"flops":33.0},{"task_name":"task_3","dependencies":[0],"instance_cnt":1,"flops":7.492349982287689},{"task_name":"task_4","dependencies":[0],"instance_cnt":1,"flops":33.0},{"task_name":"task_5","dependencies":[0],"instance_cnt":1,"flops":33.0},{"task_name":"task_6","dependencies":[0],"instance_cnt":1,"flops":24.132329943442425},{"task_name":"task_7","dependencies":[0],"instance_cnt":1,"flops":7.4785870408795105},{"task_name":"task_8","dependencies":[0],"instance_cnt":1,"flops":33.0},{"task_name":"task_9","dependencies":[0],"instance_cnt":1,"flops":33.0},{"task_name":"task_10","dependencies":[0],"instance_cnt":1,"flops":33.0},{"task_name":"task_11","dependencies":[0],"instance_cnt":1,"flops":33.0}],"node_holes":[],"edge_property":"directed","edges":[[0,1,1],[0,2,1],[0,3,1],[0,4,1],[0,5,1],[0,6,1],[0,7,1],[0,8,1],[0,9,1],[0,10,1],[0,11,1]]}