{"nodes":[{"task_name":"task1","dependencies":[],"instance_cnt":20,"flops":28.0},{"task_name":"task2","dependencies":[0],"instance_cnt":20,"flops":73.0},{"task_name":"task3","dependencies":[1],"instance_cnt":20,"flops":80.0},{"task_name":"task4","dependencies":[2],"instance_cnt":20,"flops":81.0},{"task_name":"task5","dependencies":[0],"instance_cnt":20,"flops":43.0},{"task_name":"task6","dependencies":[4],"instance_cnt":20,"flops":48.0},{"task_name":"task7","dependencies":[5],"instance_cnt":20,"flops":49.0}],"node_holes":[],"edge_property":"directed","edges":[[1,2,1],[4,5,1],[5,6,1],[0,4,1],[2,3,1],[0,1,1]]}