{"nodes":[{"task_name":"task1","dependencies":[],"instance_cnt":1,"flops":12.0},{"task_name":"task2","dependencies":[0],"instance_cnt":1,"flops":14.0},{"task_name":"task3","dependencies":[0],"instance_cnt":1,"flops":14.0},{"task_name":"task4","dependencies":[0],"instance_cnt":1,"flops":14.0},{"task_name":"task5","dependencies":[0],"instance_cnt":1,"flops":14.0},{"task_name":"task6","dependencies":[0],"instance_cnt":1,"flops":14.0},{"task_name":"task7","dependencies":[0],"instance_cnt":1,"flops":14.0},{"task_name":"task8","dependencies":[0],"instance_cnt":1,"flops":14.0},{"task_name":"task9","dependencies":[0],"instance_cnt":1,"flops":14.0},{"task_name":"task10","dependencies":[0],"instance_cnt":1,"flops":16.0},{"task_name":"task11","dependencies":[0],"instance_cnt":1,"flops":17.0},{"task_name":"task12","dependencies":[0],"instance_cnt":1,"flops":16.0},{"task_name":"task13","dependencies":[0],"instance_cnt":1,"flops":16.0},{"task_name":"task14","dependencies":[0],"instance_cnt":1,"flops":16.0},{"task_name":"task15","dependencies":[0],"instance_cnt":1,"flops":17.0},{"task_name":"task16","dependencies":[0],"instance_cnt":1,"flops":18.0},{"task_name":"task17","dependencies":[0],"instance_cnt":1,"flops":17.0},{"task_name":"task18","dependencies":[0],"instance_cnt":1,"flops":17.0},{"task_name":"task19","dependencies":[0],"instance_cnt":1,"flops":17.0},{"task_name":"task20","dependencies":[0],"instance_cnt":1,"flops":16.0},{"task_name":"task21","dependencies":[0],"instance_cnt":1,"flops":17.0},{"task_name":"task22","dependencies":[0],"instance_cnt":1,"flops":16.0},{"task_name":"task23","dependencies":[0],"instance_cnt":1,"flops":16.0},{"task_name":"task24","dependencies":[0],"instance_cnt":1,"flops":16.0},{"task_name":"task25","dependencies":[0],"instance_cnt":1,"flops":16.0},{"task_name":"task26","dependencies":[0],"instance_cnt":1,"flops":15.0},{"task_name":"task27","dependencies":[0],"instance_cnt":1,"flops":15.0},{"task_name":"task28","dependencies":[0],"instance_cnt":1,"flops":17.0},{"task_name":"task29","dependencies":[0],"instance_cnt":1,"flops":17.0},{"task_name":"task30","dependencies":[0],"instance_cnt":1,"flops":15.0},{"task_name":"task31","dependencies":[0],"instance_cnt":1,"flops":15.0},{"task_name":"task32","dependencies":[0],"instance_cnt":1,"flops":17.0},{"task_name":"task33","dependencies":[0],"instance_cnt":1,"flops":15.0}],"node_holes":[],"edge_property":"directed","edges":[[0,9,1],[0,5,1],[0,15,1],[0,32,1],[0,17,1],[0,11,1],[0,30,1],[0,2,1],[0,25,1],[0,13,1],[0,7,1],[0,3,1],[0,6,1],[0,16,1],[0,20,1],[0,23,1],[0,12,1],[0,22,1],[0,29,1],[0,18,1],[0,10,1],[0,31,1],[0,27,1],[0,19,1],[0,26,1],[0,4,1],[0,21,1],[0,8,1],[0,28,1],[0,24,1],[0,1,1],[0,14,1]]}