{"nodes":[{"task_name":"task1","dependencies":[],"instance_cnt":1,"flops":6.0},{"task_name":"task2","dependencies":[0],"instance_cnt":1,"flops":6.0},{"task_name":"task3","dependencies":[1],"instance_cnt":1,"flops":6.0},{"task_name":"task4","dependencies":[0],"instance_cnt":1,"flops":5.0},{"task_name":"task5","dependencies":[3],"instance_cnt":1,"flops":5.0},{"task_name":"task6","dependencies":[0],"instance_cnt":1,"flops":5.0},{"task_name":"task7","dependencies":[5],"instance_cnt":1,"flops":5.0},{"task_name":"task8","dependencies":[0],"instance_cnt":1,"flops":5.0},{"task_name":"task9","dependencies":[7],"instance_cnt":1,"flops":6.0},{"task_name":"task10","dependencies":[0],"instance_cnt":1,"flops":6.0},{"task_name":"task11","dependencies":[9],"instance_cnt":1,"flops":6.0},{"task_name":"task12","dependencies":[0],"instance_cnt":1,"flops":5.0},{"task_name":"task13","dependencies":[11],"instance_cnt":1,"flops":5.0}],"node_holes":[],"edge_property":"directed","edges":[[0,1,1],[11,12,1],[0,11,1],[1,2,1],[0,3,1],[5,6,1],[0,5,1],[0,9,1],[3,4,1],[9,10,1],[0,7,1],[7,8,1]]}