{"nodes":[{"task_name":"task1","dependencies":[],"instance_cnt":3,"flops":88.0},{"task_name":"task2","dependencies":[0],"instance_cnt":1,"flops":76.0},{"task_name":"task3","dependencies":[0],"instance_cnt":1,"flops":78.0},{"task_name":"task4","dependencies":[0],"instance_cnt":1,"flops":80.0},{"task_name":"task5","dependencies":[0],"instance_cnt":1,"flops":82.0},{"task_name":"task6","dependencies":[0],"instance_cnt":1,"flops":86.0},{"task_name":"task7","dependencies":[0],"instance_cnt":1,"flops":90.0}],"node_holes":[],"edge_property":"directed","edges":[[0,4,1],[0,6,1],[0,5,1],[0,1,1],[0,2,1],[0,3,1]]}