{"nodes":[{"task_name":"task_0","dependencies":[],"instance_cnt":8,"flops":6.748805220724917},{"task_name":"task_1","dependencies":[0],"instance_cnt":8,"flops":71.0},{"task_name":"task_2","dependencies":[1],"instance_cnt":4,"flops":26.043599628743806},{"task_name":"task_3","dependencies":[0],"instance_cnt":8,"flops":71.0},{"task_name":"task_4","dependencies":[0],"instance_cnt":8,"flops":71.0},{"task_name":"task_5","dependencies":[3],"instance_cnt":8,"flops":85.0},{"task_name":"task_6","dependencies":[4],"instance_cnt":5,"flops":85.0},{"task_name":"task_7","dependencies":[0],"instance_cnt":8,"flops":71.0},{"task_name":"task_8","dependencies":[1],"instance_cnt":8,"flops":85.0},{"task_name":"task_9","dependencies":[2],"instance_cnt":4,"flops":85.0},{"task_name":"task_10","dependencies":[1],"instance_cnt":8,"flops":32.095576123887554},{"task_name":"task_11","dependencies":[2],"instance_cnt":4,"flops":85.0},{"task_name":"task_12","dependencies":[0],"instance_cnt":8,"flops":71.0},{"task_name":"task_13","dependencies":[0],"instance_cnt":8,"flops":17.437815337607187}],"node_holes":[],"edge_property":"directed","edges":[[0,1,1],[1,2,1],[0,3,1],[0,4,1],[3,5,1],[4,6,1],[0,7,1],[1,8,1],[2,9,1],[1,10,1],[2,11,1],[0,12,1],[0,13,1]]}