{"nodes":[{"task_name":"task_0","dependencies":[],"instance_cnt":10,"flops":3.0},{"task_name":"task_1","dependencies":[0],"instance_cnt":10,"flops":34.0},{"task_name":"task_2","dependencies":[0],"instance_cnt":3,"flops":14.192790785855287},{"task_name":"task_3","dependencies":[0],"instance_cnt":10,"flops":9.191838816583564},{"task_name":"task_4","dependencies":[0],"instance_cnt":10,"flops":34.0},{"task_name":"task_5","dependencies":[0],"instance_cnt":10,"flops":5.0371142204520485},{"task_name":"task_6","dependencies":[0],"instance_cnt":3,"flops":34.0},{"task_name":"task_7","dependencies":[0],"instance_cnt":10,"flops":34.0},{"task_name":"task_8","dependencies":[0],"instance_cnt":10,"flops":34.0},{"task_name":"task_9","dependencies":[0],"instance_cnt":2,"flops":34.0},{"task_name":"task_10","dependencies":[0],"instance_cnt":10,"flops":34.0},{"task_name":"task_11","dependencies":[0],"instance_cnt":10,"flops":5.257610907090349},{"task_name":"task_12","dependencies":[0],"instance_cnt":2,"flops":34.0},{"task_name":"task_13","dependencies":[0],"instance_cnt":10,"flops":34.0},{"task_name":"task_14","dependencies":[0],"instance_cnt":2,"flops":34.0},{"task_name":"task_15","dependencies":[0],"instance_cnt":10,"flops":34.0}],"node_holes":[],"edge_property":"directed","edges":[[0,1,1],[0,2,1],[0,3,1],[0,4,1],[0,5,1],[0,6,1],[0,7,1],[0,8,1],[0,9,1],[0,10,1],[0,11,1],[0,12,1],[0,13,1],[0,14,1],[0,15,1]]}