{"nodes":[{"task_name":"task1","dependencies":[],"instance_cnt":20,"flops":49.0},{"task_name":"task2","dependencies":[0],"instance_cnt":20,"flops":57.0},{"task_name":"task3","dependencies":[1],"instance_cnt":1,"flops":57.0},{"task_name":"task4","dependencies":[0],"instance_cnt":20,"flops":48.0},{"task_name":"task5","dependencies":[3],"instance_cnt":1,"flops":48.0},{"task_name":"task6","dependencies":[4],"instance_cnt":1,"flops":48.0}],"node_holes":[],"edge_property":"directed","edges":[[0,3,1],[4,5,1],[1,2,1],[0,1,1],[3,4,1]]}