{"nodes":[{"task_name":"task_0","dependencies":[],"instance_cnt":1,"flops":18.0},{"task_name":"task_1","dependencies":[0],"instance_cnt":1,"flops":71.0},{"task_name":"task_2","dependencies":[1],"instance_cnt":1,"flops":36.725703703057604},{"task_name":"task_3","dependencies":[0],"instance_cnt":1,"flops":71.0},{"task_name":"task_4","dependencies":[0],"instance_cnt":1,"flops":71.0},{"task_name":"task_5","dependencies":[3],"instance_cnt":1,"flops":85.0},{"task_name":"task_6","dependencies":[4],"instance_cnt":1,"flops":83.40823464840788},{"task_name":"task_7","dependencies":[0],"instance_cnt":1,"flops":85.0},{"task_name":"task_8","dependencies":[0],"instance_cnt":1,"flops":71.0},{"task_name":"task_9","dependencies":[0],"instance_cnt":1,"flops":71.0},{"task_name":"task_10","dependencies":[1],"instance_cnt":1,"flops":85.0},{"task_name":"task_11","dependencies":[1],"instance_cnt":1,"flops":85.0},{"task_name":"task_12","dependencies":[1],"instance_cnt":1,"flops":85.0},{"task_name":"task_13","dependencies":[2],"instance_cnt":1,"flops":31.35601024476453},{"task_name":"task_14","dependencies":[0],"instance_cnt":1,"flops":28.160286357997904},{"task_name":"task_15","dependencies":[0],"instance_cnt":1,"flops":71.0}],"node_holes":[],"edge_property":"directed","edges":[[0,1,1],[1,2,1],[0,3,1],[0,4,1],[3,5,1],[4,6,1],[0,7,1],[0,8,1],[0,9,1],[1,10,1],[1,11,1],[1,12,1],[2,13,1],[0,14,1],[0,15,1]]}