{"nodes":[{"task_name":"task_0","dependencies":[],"instance_cnt":1,"flops":10.073360002597608},{"task_name":"task_1","dependencies":[0],"instance_cnt":1,"flops":40.0},{"task_name":"task_2","dependencies":[1],"instance_cnt":1,"flops":48.0},{"task_name":"task_3","dependencies":[0],"instance_cnt":1,"flops":40.0},{"task_name":"task_4","dependencies":[0],"instance_cnt":1,"flops":40.0},{"task_name":"task_5","dependencies":[3],"instance_cnt":1,"flops":48.0},{"task_name":"task_6","dependencies":[4],"instance_cnt":1,"flops":1.0},{"task_name":"task_7","dependencies":[2],"instance_cnt":1,"flops":4.449497290331053},{"task_name":"task_8","dependencies":[0],"instance_cnt":1,"flops":2.5886273221230365},{"task_name":"task_9","dependencies":[2],"instance_cnt":1,"flops":48.0},{"task_name":"task_10","dependencies":[0],"instance_cnt":1,"flops":40.0},{"task_name":"task_11","dependencies":[1],"instance_cnt":1,"flops":48.0},{"task_name":"task_12","dependencies":[0],"instance_cnt":1,"flops":4.7845315888790045},{"task_name":"task_13","dependencies":[1],"instance_cnt":1,"flops":48.0},{"task_name":"task_14","dependencies":[0],"instance_cnt":1,"flops":40.0},{"task_name":"task_15","dependencies":[0],"instance_cnt":1,"flops":40.0},{"task_name":"task_16","dependencies":[2],"instance_cnt":1,"flops":1.0},{"task_name":"task_17","dependencies":[0],"instance_cnt":1,"flops":33.26005898627301}],"node_holes":[],"edge_property":"directed","edges":[[0,1,1],[1,2,1],[0,3,1],[0,4,1],[3,5,1],[4,6,1],[2,7,1],[0,8,1],[2,9,1],[0,10,1],[1,11,1],[0,12,1],[1,13,1],[0,14,1],[0,15,1],[2,16,1],[0,17,1]]}