{"nodes":[{"task_name":"task1","dependencies":[],"instance_cnt":20,"flops":243.0},{"task_name":"task2","dependencies":[0],"instance_cnt":15,"flops":274.0},{"task_name":"task3","dependencies":[0],"instance_cnt":13,"flops":268.0},{"task_name":"task4","dependencies":[0],"instance_cnt":13,"flops":298.0},{"task_name":"task5","dependencies":[0],"instance_cnt":13,"flops":293.0},{"task_name":"task6","dependencies":[0],"instance_cnt":11,"flops":421.0},{"task_name":"task7","dependencies":[0],"instance_cnt":9,"flops":418.0},{"task_name":"task8","dependencies":[0],"instance_cnt":9,"flops":440.0},{"task_name":"task9","dependencies":[0],"instance_cnt":9,"flops":400.0}],"node_holes":[],"edge_property":"directed","edges":[[0,6,1],[0,5,1],[0,1,1],[0,2,1],[0,3,1],[0,4,1],[0,7,1],[0,8,1]]}