{"nodes":[{"task_name":"task_0","dependencies":[],"instance_cnt":1,"flops":5.631686064965921},{"task_name":"task_1","dependencies":[0],"instance_cnt":1,"flops":42.0},{"task_name":"task_2","dependencies":[1],"instance_cnt":1,"flops":9.0},{"task_name":"task_3","dependencies":[2],"instance_cnt":1,"flops":4.955471977574992},{"task_name":"task_4","dependencies":[2],"instance_cnt":1,"flops":31.0},{"task_name":"task_5","dependencies":[0],"instance_cnt":1,"flops":31.0},{"task_name":"task_6","dependencies":[0],"instance_cnt":1,"flops":9.0},{"task_name":"task_7","dependencies":[0],"instance_cnt":1,"flops":42.0},{"task_name":"task_8","dependencies":[0],"instance_cnt":1,"flops":29.714505443463025},{"task_name":"task_9","dependencies":[0],"instance_cnt":1,"flops":42.0},{"task_name":"task_10","dependencies":[0],"instance_cnt":1,"flops":31.0},{"task_name":"task_11","dependencies":[0],"instance_cnt":1,"flops":42.0},{"task_name":"task_12","dependencies":[0],"instance_cnt":1,"flops":9.0},{"task_name":"task_13","dependencies":[0],"instance_cnt":1,"flops":9.0}],"node_holes":[],"edge_property":"directed","edges":[[0,1,1],[1,2,1],[2,3,1],[2,4,1],[0,5,1],[0,6,1],[0,7,1],[0,8,1],[0,9,1],[0,10,1],[0,11,1],[0,12,1],[0,13,1]]}