{"nodes":[{"task_name":"task1","dependencies":[],"instance_cnt":15,"flops":4.0},{"task_name":"task2","dependencies":[0],"instance_cnt":1,"flops":8.0},{"task_name":"task3","dependencies":[1],"instance_cnt":15,"flops":5.0},{"task_name":"task4","dependencies":[1],"instance_cnt":15,"flops":5.0},{"task_name":"task5","dependencies":[1],"instance_cnt":15,"flops":5.0},{"task_name":"task6","dependencies":[1],"instance_cnt":15,"flops":5.0},{"task_name":"task7","dependencies":[1],"instance_cnt":15,"flops":5.0},{"task_name":"task8","dependencies":[1],"instance_cnt":15,"flops":5.0},{"task_name":"task9","dependencies":[1],"instance_cnt":15,"flops":6.0},{"task_name":"task10","dependencies":[1],"instance_cnt":15,"flops":6.0},{"task_name":"task11","dependencies":[1],"instance_cnt":15,"flops":6.0},{"task_name":"task12","dependencies":[1],"instance_cnt":15,"flops":5.0},{"task_name":"task13","dependencies":[1],"instance_cnt":15,"flops":6.0},{"task_name":"task14","dependencies":[1],"instance_cnt":15,"flops":5.0},{"task_name":"task15","dependencies":[1],"instance_cnt":15,"flops":6.0},{"task_name":"task16","dependencies":[1],"instance_cnt":15,"flops":5.0},{"task_name":"task17","dependencies":[1],"instance_cnt":15,"flops":7.0},{"task_name":"task18","dependencies":[1],"instance_cnt":20,"flops":9.0}],"node_holes":[],"edge_property":"directed","edges":[[1,4,1],[1,12,1],[1,15,1],[1,8,1],[1,16,1],[0,1,1],[1,9,1],[1,5,1],[1,11,1],[1,17,1],[1,3,1],[1,2,1],[1,7,1],[1,10,1],[1,14,1],[1,6,1],[1,13,1]]}