{"nodes":[{"task_name":"task_0","dependencies":[],"instance_cnt":9,"flops":8.304455394696696},{"task_name":"task_1","dependencies":[0],"instance_cnt":2,"flops":11.489722058656236},{"task_name":"task_2","dependencies":[0],"instance_cnt":9,"flops":12.53757094033088},{"task_name":"task_3","dependencies":[0],"instance_cnt":1,"flops":34.0},{"task_name":"task_4","dependencies":[0],"instance_cnt":2,"flops":13.779447495944757},{"task_name":"task_5","dependencies":[0],"instance_cnt":9,"flops":34.0},{"task_name":"task_6","dependencies":[0],"instance_cnt":9,"flops":34.0},{"task_name":"task_7","dependencies":[0],"instance_cnt":9,"flops":34.0},{"task_name":"task_8","dependencies":[0],"instance_cnt":9,"flops":12.886454635116838},{"task_name":"task_9","dependencies":[0],"instance_cnt":9,"flops":34.0}],"node_holes":[],"edge_property":"directed","edges":[[0,1,1],[0,2,1],[0,3,1],[0,4,1],[0,5,1],[0,6,1],[0,7,1],[0,8,1],[0,9,1]]}