{"nodes":[{"task_name":"task_0","dependencies":[],"instance_cnt":1,"flops":16.0},{"task_name":"task_1","dependencies":[0],"instance_cnt":1,"flops":3.9507858550314774},{"task_name":"task_2","dependencies":[1],"instance_cnt":1,"flops":9.0},{"task_name":"task_3","dependencies":[2],"instance_cnt":1,"flops":31.0},{"task_name":"task_4","dependencies":[0],"instance_cnt":1,"flops":31.0},{"task_name":"task_5","dependencies":[0],"instance_cnt":1,"flops":3.4026579560786923},{"task_name":"task_6","dependencies":[0],"instance_cnt":1,"flops":42.0},{"task_name":"task_7","dependencies":[0],"instance_cnt":1,"flops":5.3506870448015915},{"task_name":"task_8","dependencies":[0],"instance_cnt":1,"flops":13.219188927967144},{"task_name":"task_9","dependencies":[0],"instance_cnt":1,"flops":42.0},{"task_name":"task_10","dependencies":[0],"instance_cnt":1,"flops":42.0},{"task_name":"task_11","dependencies":[0],"instance_cnt":1,"flops":3.975925556444036},{"task_name":"task_12","dependencies":[0],"instance_cnt":1,"flops":31.0},{"task_name":"task_13","dependencies":[0],"instance_cnt":1,"flops":31.0}],"node_holes":[],"edge_property":"directed","edges":[[0,1,1],[1,2,1],[2,3,1],[0,4,1],[0,5,1],[0,6,1],[0,7,1],[0,8,1],[0,9,1],[0,10,1],[0,11,1],[0,12,1],[0,13,1]]}