{"nodes":[{"task_name":"task_0","dependencies":[],"instance_cnt":1,"flops":29.7265516996477},{"task_name":"task_1","dependencies":[0],"instance_cnt":1,"flops":33.0},{"task_name":"task_2","dependencies":[0],"instance_cnt":1,"flops":33.0},{"task_name":"task_3","dependencies":[0],"instance_cnt":1,"flops":33.0},{"task_name":"task_4","dependencies":[0],"instance_cnt":1,"flops":6.849204436517388},{"task_name":"task_5","dependencies":[0],"instance_cnt":1,"flops":33.0},{"task_name":"task_6","dependencies":[0],"instance_cnt":1,"flops":33.0},{"task_name":"task_7","dependencies":[0],"instance_cnt":1,"flops":33.0},{"task_name":"task_8","dependencies":[0],"instance_cnt":1,"flops":33.0},{"task_name":"task_9","dependencies":[0],"instance_cnt":1,"flops":33.0},{"task_name":"task_10","dependencies":[0],"instance_cnt":1,"flops":6.8434968759878645},{"task_name":"task_11","dependencies":[0],"instance_cnt":1,"flops":6.517967756833569}],"node_holes":[],"edge_property":"directed","edges":[[0,1,1],[0,2,1],[0,3,1],[0,4,1],[0,5,1],[0,6,1],[0,7,1],[0,8,1],[0,9,1],[0,10,1],[0,11,1]]}