{"nodes":[{"task_name":"task1","dependencies":[],"instance_cnt":1,"flops":11.0},{"task_name":"task2","dependencies":[0],"instance_cnt":1,"flops":3.0},{"task_name":"task3","dependencies":[0],"instance_cnt":1,"flops":3.0},{"task_name":"task4","dependencies":[0],"instance_cnt":1,"flops":4.0},{"task_name":"task5","dependencies":[0],"instance_cnt":1,"flops":3.0},{"task_name":"task6","dependencies":[0],"instance_cnt":1,"flops":3.0},{"task_name":"task7","dependencies":[0],"instance_cnt":1,"flops":3.0},{"task_name":"task8","dependencies":[0],"instance_cnt":1,"flops":4.0},{"task_name":"task9","dependencies":[0],"instance_cnt":1,"flops":3.0},{"task_name":"task10","dependencies":[0],"instance_cnt":1,"flops":314.0},{"task_name":"task11","dependencies":[0],"instance_cnt":1,"flops":374.0},{"task_name":"task12","dependencies":[0],"instance_cnt":1,"flops":3.0},{"task_name":"task13","dependencies":[0],"instance_cnt":1,"flops":3.0},{"task_name":"task14","dependencies":[0],"instance_cnt":1,"flops":3.0},{"task_name":"task15","dependencies":[0],"instance_cnt":1,"flops":3.0},{"task_name":"task16","dependencies":[0],"instance_cnt":1,"flops":3.0},{"task_name":"task17","dependencies":[0],"instance_cnt":1,"flops":3.0}],"node_holes":[],"edge_property":"directed","edges":[[0,9,1],[0,16,1],[0,8,1],[0,10,1],[0,1,1],[0,13,1],[0,4,1],[0,12,1],[0,15,1],[0,3,1],[0,5,1],[0,7,1],[0,2,1],[0,6,1],[0,14,1],[0,11,1]]}