{"nodes":[{"task_name":"task_0","dependencies":[],"instance_cnt":20,"flops":7.080045115402192},{"task_name":"task_1","dependencies":[0],"instance_cnt":1,"flops":55.84771434331712},{"task_name":"task_2","dependencies":[1],"instance_cnt":1,"flops":27.989959373262987},{"task_name":"task_3","dependencies":[2],"instance_cnt":1,"flops":13.0},{"task_name":"task_4","dependencies":[3],"instance_cnt":1,"flops":1.0},{"task_name":"task_5","dependencies":[4],"instance_cnt":1,"flops":0.0},{"task_name":"task_6","dependencies":[0],"instance_cnt":1,"flops":50.27388187924868},{"task_name":"task_7","dependencies":[0],"instance_cnt":1,"flops":58.90406047241102},{"task_name":"task_8","dependencies":[0],"instance_cnt":1,"flops":58.08572828570743},{"task_name":"task_9","dependencies":[6],"instance_cnt":1,"flops":47.0},{"task_name":"task_10","dependencies":[7],"instance_cnt":1,"flops":47.0},{"task_name":"task_11","dependencies":[8],"instance_cnt":1,"flops":47.0},{"task_name":"task_12","dependencies":[9],"instance_cnt":1,"flops":13.0},{"task_name":"task_13","dependencies":[10],"instance_cnt":1,"flops":8.312511115706547},{"task_name":"task_14","dependencies":[11],"instance_cnt":1,"flops":13.0},{"task_name":"task_15","dependencies":[12],"instance_cnt":1,"flops":1.0},{"task_name":"task_16","dependencies":[13],"instance_cnt":1,"flops":1.0},{"task_name":"task_17","dependencies":[14],"instance_cnt":1,"flops":1.0},{"task_name":"task_18","dependencies":[15],"instance_cnt":1,"flops":1.0},{"task_name":"task_19","dependencies":[16],"instance_cnt":1,"flops":1.0},{"task_name":"task_20","dependencies":[17],"instance_cnt":1,"flops":1.0},{"task_name":"task_21","dependencies":[0],"instance_cnt":1,"flops":92.59999999999992},{"task_name":"task_22","dependencies":[2],"instance_cnt":1,"flops":47.0},{"task_name":"task_23","dependencies":[2],"instance_cnt":1,"flops":13.0},{"task_name":"task_24","dependencies":[3],"instance_cnt":1,"flops":1.0},{"task_name":"task_25","dependencies":[3],"instance_cnt":1,"flops":0.0},{"task_name":"task_26","dependencies":[1],"instance_cnt":1,"flops":1.0},{"task_name":"task_27","dependencies":[2],"instance_cnt":1,"flops":13.0},{"task_name":"task_28","dependencies":[0],"instance_cnt":1,"flops":92.59999999999992},{"task_name":"task_29","dependencies":[3],"instance_cnt":1,"flops":0.0},{"task_name":"task_30","dependencies":[0],"instance_cnt":20,"flops":47.0},{"task_name":"task_31","dependencies":[3],"instance_cnt":1,"flops":13.0},{"task_name":"task_32","dependencies":[0],"instance_cnt":20,"flops":0.28738676056957413},{"task_name":"task_33","dependencies":[3],"instance_cnt":1,"flops":0.0}],"node_holes":[],"edge_property":"directed","edges":[[0,1,1],[1,2,1],[2,3,1],[3,4,1],[4,5,1],[0,6,1],[0,7,1],[0,8,1],[6,9,1],[7,10,1],[8,11,1],[9,12,1],[10,13,1],[11,14,1],[12,15,1],[13,16,1],[14,17,1],[15,18,1],[16,19,1],[17,20,1],[0,21,1],[2,22,1],[2,23,1],[3,24,1],[3,25,1],[1,26,1],[2,27,1],[0,28,1],[3,29,1],[0,30,1],[3,31,1],[0,32,1],[3,33,1]]}