{"nodes":[{"task_name":"task_0","dependencies":[],"instance_cnt":20,"flops":18.0},{"task_name":"task_1","dependencies":[0],"instance_cnt":4,"flops":29.0},{"task_name":"task_2","dependencies":[1],"instance_cnt":4,"flops":27.172199006135045},{"task_name":"task_3","dependencies":[2],"instance_cnt":2,"flops":33.0},{"task_name":"task_4","dependencies":[3],"instance_cnt":2,"flops":33.0},{"task_name":"task_5","dependencies":[0],"instance_cnt":5,"flops":29.0},{"task_name":"task_6","dependencies":[5],"instance_cnt":5,"flops":27.438845744856344},{"task_name":"task_7","dependencies":[2],"instance_cnt":2,"flops":33.0},{"task_name":"task_8","dependencies":[2],"instance_cnt":2,"flops":33.0},{"task_name":"task_9","dependencies":[2],"instance_cnt":2,"flops":33.0},{"task_name":"task_10","dependencies":[6],"instance_cnt":2,"flops":27.897420700602886},{"task_name":"task_11","dependencies":[6],"instance_cnt":2,"flops":33.0},{"task_name":"task_12","dependencies":[6],"instance_cnt":2,"flops":33.0},{"task_name":"task_13","dependencies":[6],"instance_cnt":2,"flops":33.0},{"task_name":"task_14","dependencies":[7],"instance_cnt":2,"flops":33.0},{"task_name":"task_15","dependencies":[8],"instance_cnt":2,"flops":33.0},{"task_name":"task_16","dependencies":[9],"instance_cnt":2,"flops":33.0},{"task_name":"task_17","dependencies":[10],"instance_cnt":2,"flops":33.0},{"task_name":"task_18","dependencies":[11],"instance_cnt":2,"flops":33.0},{"task_name":"task_19","dependencies":[12],"instance_cnt":2,"flops":33.0},{"task_name":"task_20","dependencies":[13],"instance_cnt":2,"flops":30.643444206890877},{"task_name":"task_21","dependencies":[0],"instance_cnt":7,"flops":33.0},{"task_name":"task_22","dependencies":[4],"instance_cnt":2,"flops":33.0},{"task_name":"task_23","dependencies":[1],"instance_cnt":2,"flops":33.0},{"task_name":"task_24","dependencies":[7],"instance_cnt":2,"flops":33.0},{"task_name":"task_25","dependencies":[7],"instance_cnt":2,"flops":30.26965072683852},{"task_name":"task_26","dependencies":[3],"instance_cnt":2,"flops":33.0},{"task_name":"task_27","dependencies":[0],"instance_cnt":7,"flops":33.0},{"task_name":"task_28","dependencies":[7],"instance_cnt":2,"flops":33.0},{"task_name":"task_29","dependencies":[1],"instance_cnt":4,"flops":28.911600546685406},{"task_name":"task_30","dependencies":[0],"instance_cnt":20,"flops":33.0},{"task_name":"task_31","dependencies":[1],"instance_cnt":2,"flops":33.0},{"task_name":"task_32","dependencies":[1],"instance_cnt":4,"flops":33.0},{"task_name":"task_33","dependencies":[7],"instance_cnt":2,"flops":33.0},{"task_name":"task_34","dependencies":[0],"instance_cnt":20,"flops":33.0},{"task_name":"task_35","dependencies":[1],"instance_cnt":2,"flops":31.509333913177183},{"task_name":"task_36","dependencies":[1],"instance_cnt":2,"flops":33.0},{"task_name":"task_37","dependencies":[0],"instance_cnt":20,"flops":36.0},{"task_name":"task_38","dependencies":[1],"instance_cnt":4,"flops":33.0},{"task_name":"task_39","dependencies":[0],"instance_cnt":5,"flops":29.0}],"node_holes":[],"edge_property":"directed","edges":[[0,1,1],[1,2,1],[2,3,1],[3,4,1],[0,5,1],[5,6,1],[2,7,1],[2,8,1],[2,9,1],[6,10,1],[6,11,1],[6,12,1],[6,13,1],[7,14,1],[8,15,1],[9,16,1],[10,17,1],[11,18,1],[12,19,1],[13,20,1],[0,21,1],[4,22,1],[1,23,1],[7,24,1],[7,25,1],[3,26,1],[0,27,1],[7,28,1],[1,29,1],[0,30,1],[1,31,1],[1,32,1],[7,33,1],[0,34,1],[1,35,1],[1,36,1],[0,37,1],[1,38,1],[0,39,1]]}