{"nodes":[{"task_name":"task_0","dependencies":[],"instance_cnt":20,"flops":10.0},{"task_name":"task_1","dependencies":[0],"instance_cnt":20,"flops":13.0},{"task_name":"task_2","dependencies":[1],"instance_cnt":20,"flops":101.75183300249228},{"task_name":"task_3","dependencies":[2],"instance_cnt":20,"flops":20.78802525582639},{"task_name":"task_4","dependencies":[3],"instance_cnt":20,"flops":17.0},{"task_name":"task_5","dependencies":[0],"instance_cnt":20,"flops":13.0},{"task_name":"task_6","dependencies":[5],"instance_cnt":20,"flops":117.0},{"task_name":"task_7","dependencies":[2],"instance_cnt":20,"flops":18.44239022266774},{"task_name":"task_8","dependencies":[2],"instance_cnt":20,"flops":237.0},{"task_name":"task_9","dependencies":[2],"instance_cnt":20,"flops":18.660617732157796},{"task_name":"task_10","dependencies":[6],"instance_cnt":20,"flops":237.0},{"task_name":"task_11","dependencies":[6],"instance_cnt":20,"flops":237.0},{"task_name":"task_12","dependencies":[6],"instance_cnt":20,"flops":237.0},{"task_name":"task_13","dependencies":[6],"instance_cnt":20,"flops":237.0},{"task_name":"task_14","dependencies":[7],"instance_cnt":20,"flops":17.0},{"task_name":"task_15","dependencies":[8],"instance_cnt":11,"flops":17.0},{"task_name":"task_16","dependencies":[9],"instance_cnt":6,"flops":17.0},{"task_name":"task_17","dependencies":[10],"instance_cnt":4,"flops":17.0},{"task_name":"task_18","dependencies":[11],"instance_cnt":20,"flops":17.0},{"task_name":"task_19","dependencies":[12],"instance_cnt":20,"flops":17.0},{"task_name":"task_20","dependencies":[13],"instance_cnt":20,"flops":17.0},{"task_name":"task_21","dependencies":[1],"instance_cnt":20,"flops":117.0},{"task_name":"task_22","dependencies":[1],"instance_cnt":20,"flops":237.0},{"task_name":"task_23","dependencies":[4],"instance_cnt":2,"flops":17.0},{"task_name":"task_24","dependencies":[7],"instance_cnt":2,"flops":17.0},{"task_name":"task_25","dependencies":[0],"instance_cnt":20,"flops":13.0},{"task_name":"task_26","dependencies":[0],"instance_cnt":11,"flops":24.958476042826447},{"task_name":"task_27","dependencies":[1],"instance_cnt":20,"flops":117.0},{"task_name":"task_28","dependencies":[1],"instance_cnt":20,"flops":18.849396375150807},{"task_name":"task_29","dependencies":[5],"instance_cnt":20,"flops":17.0}],"node_holes":[],"edge_property":"directed","edges":[[0,1,1],[1,2,1],[2,3,1],[3,4,1],[0,5,1],[5,6,1],[2,7,1],[2,8,1],[2,9,1],[6,10,1],[6,11,1],[6,12,1],[6,13,1],[7,14,1],[8,15,1],[9,16,1],[10,17,1],[11,18,1],[12,19,1],[13,20,1],[1,21,1],[1,22,1],[4,23,1],[7,24,1],[0,25,1],[0,26,1],[1,27,1],[1,28,1],[5,29,1]]}