{"nodes":[{"task_name":"task1","dependencies":[],"instance_cnt":1,"flops":4.0},{"task_name":"task2","dependencies":[0],"instance_cnt":1,"flops":7.0},{"task_name":"task3","dependencies":[1],"instance_cnt":1,"flops":10.0},{"task_name":"task4","dependencies":[2],"instance_cnt":1,"flops":13.0},{"task_name":"task5","dependencies":[3],"instance_cnt":1,"flops":19.0},{"task_name":"task6","dependencies":[4],"instance_cnt":1,"flops":25.0},{"task_name":"task7","dependencies":[0],"instance_cnt":1,"flops":7.0},{"task_name":"task8","dependencies":[6],"instance_cnt":1,"flops":10.0},{"task_name":"task9","dependencies":[7],"instance_cnt":1,"flops":13.0},{"task_name":"task10","dependencies":[8],"instance_cnt":1,"flops":19.0},{"task_name":"task11","dependencies":[9],"instance_cnt":1,"flops":25.0}],"node_holes":[],"edge_property":"directed","edges":[[6,7,1],[4,5,1],[8,9,1],[0,6,1],[2,3,1],[9,10,1],[7,8,1],[0,1,1],[1,2,1],[3,4,1]]}