{"nodes":[{"task_name":"task1","dependencies":[],"instance_cnt":1,"flops":1.0},{"task_name":"task2","dependencies":[0],"instance_cnt":1,"flops":1.0},{"task_name":"task3","dependencies":[1],"instance_cnt":1,"flops":2.0},{"task_name":"task4","dependencies":[2],"instance_cnt":1,"flops":2.0},{"task_name":"task5","dependencies":[3],"instance_cnt":1,"flops":2.0},{"task_name":"task6","dependencies":[4],"instance_cnt":11,"flops":44.0},{"task_name":"task7","dependencies":[4],"instance_cnt":3,"flops":9.0},{"task_name":"task8","dependencies":[4],"instance_cnt":1,"flops":3.0},{"task_name":"task9","dependencies":[4],"instance_cnt":1,"flops":16.0},{"task_name":"task10","dependencies":[4],"instance_cnt":1,"flops":3.0}],"node_holes":[],"edge_property":"directed","edges":[[4,8,1],[3,4,1],[4,6,1],[4,5,1],[1,2,1],[2,3,1],[4,9,1],[0,1,1],[4,7,1]]}