{"nodes":[{"task_name":"task1","dependencies":[7],"instance_cnt":1,"flops":318.0},{"task_name":"task2","dependencies":[0],"instance_cnt":1,"flops":321.0},{"task_name":"task3","dependencies":[1],"instance_cnt":1,"flops":324.0},{"task_name":"task4","dependencies":[2],"instance_cnt":1,"flops":327.0},{"task_name":"task5","dependencies":[],"instance_cnt":1,"flops":3.0},{"task_name":"task6","dependencies":[],"instance_cnt":1,"flops":3.0},{"task_name":"task7","dependencies":[5],"instance_cnt":1,"flops":311.0},{"task_name":"task8","dependencies":[6],"instance_cnt":1,"flops":314.0},{"task_name":"task9","dependencies":[0],"instance_cnt":1,"flops":320.0}],"node_holes":[],"edge_property":"directed","edges":[[2,3,1],[0,1,1],[5,6,1],[1,2,1],[6,7,1],[0,8,1],[7,0,1]]}