{"nodes":[{"task_name":"task1","dependencies":[],"instance_cnt":20,"flops":16.0},{"task_name":"task2","dependencies":[0],"instance_cnt":1,"flops":129.0},{"task_name":"task3","dependencies":[1],"instance_cnt":1,"flops":854.0},{"task_name":"task4","dependencies":[2],"instance_cnt":1,"flops":873.0},{"task_name":"task5","dependencies":[3],"instance_cnt":1,"flops":876.0},{"task_name":"task6","dependencies":[4],"instance_cnt":1,"flops":879.0},{"task_name":"task7","dependencies":[0],"instance_cnt":1,"flops":103.0},{"task_name":"task8","dependencies":[6],"instance_cnt":1,"flops":173.0},{"task_name":"task9","dependencies":[7],"instance_cnt":1,"flops":809.0},{"task_name":"task10","dependencies":[8],"instance_cnt":1,"flops":812.0},{"task_name":"task11","dependencies":[9],"instance_cnt":1,"flops":815.0},{"task_name":"task12","dependencies":[0],"instance_cnt":1,"flops":96.0},{"task_name":"task13","dependencies":[11],"instance_cnt":1,"flops":142.0},{"task_name":"task14","dependencies":[12],"instance_cnt":1,"flops":158.0},{"task_name":"task15","dependencies":[13],"instance_cnt":1,"flops":161.0},{"task_name":"task16","dependencies":[14],"instance_cnt":1,"flops":164.0},{"task_name":"task17","dependencies":[0],"instance_cnt":1,"flops":96.0},{"task_name":"task18","dependencies":[16],"instance_cnt":1,"flops":170.0},{"task_name":"task19","dependencies":[17],"instance_cnt":1,"flops":807.0},{"task_name":"task20","dependencies":[18],"instance_cnt":1,"flops":811.0},{"task_name":"task21","dependencies":[19],"instance_cnt":1,"flops":814.0}],"node_holes":[],"edge_property":"directed","edges":[[2,3,1],[13,14,1],[11,12,1],[1,2,1],[0,6,1],[0,1,1],[16,17,1],[7,8,1],[9,10,1],[4,5,1],[3,4,1],[6,7,1],[18,19,1],[14,15,1],[19,20,1],[8,9,1],[12,13,1],[17,18,1],[0,11,1],[0,16,1]]}