{"nodes":[{"task_name":"task_0","dependencies":[],"instance_cnt":1,"flops":20.0},{"task_name":"task_1","dependencies":[0],"instance_cnt":1,"flops":26.206952624989388},{"task_name":"task_2","dependencies":[1],"instance_cnt":1,"flops":166.02004273975876},{"task_name":"task_3","dependencies":[2],"instance_cnt":1,"flops":19.0},{"task_name":"task_4","dependencies":[3],"instance_cnt":1,"flops":41.0},{"task_name":"task_5","dependencies":[2],"instance_cnt":1,"flops":19.0},{"task_name":"task_6","dependencies":[5],"instance_cnt":1,"flops":13.0},{"task_name":"task_7","dependencies":[1],"instance_cnt":1,"flops":41.0},{"task_name":"task_8","dependencies":[1],"instance_cnt":1,"flops":41.0},{"task_name":"task_9","dependencies":[0],"instance_cnt":1,"flops":31.05196165918759},{"task_name":"task_10","dependencies":[1],"instance_cnt":1,"flops":13.0},{"task_name":"task_11","dependencies":[0],"instance_cnt":1,"flops":26.86345784439384},{"task_name":"task_12","dependencies":[0],"instance_cnt":1,"flops":170.0},{"task_name":"task_13","dependencies":[0],"instance_cnt":1,"flops":16.61564924618149}],"node_holes":[],"edge_property":"directed","edges":[[0,1,1],[1,2,1],[2,3,1],[3,4,1],[2,5,1],[5,6,1],[1,7,1],[1,8,1],[0,9,1],[1,10,1],[0,11,1],[0,12,1],[0,13,1]]}