{"nodes":[{"task_name":"task_0","dependencies":[],"instance_cnt":20,"flops":15.371327149725758},{"task_name":"task_1","dependencies":[0],"instance_cnt":3,"flops":28.495459239715444},{"task_name":"task_2","dependencies":[1],"instance_cnt":3,"flops":29.633005515924438},{"task_name":"task_3","dependencies":[2],"instance_cnt":1,"flops":32.0844932598901},{"task_name":"task_4","dependencies":[3],"instance_cnt":1,"flops":33.0},{"task_name":"task_5","dependencies":[0],"instance_cnt":3,"flops":25.73645757798153},{"task_name":"task_6","dependencies":[5],"instance_cnt":3,"flops":33.40043914025172},{"task_name":"task_7","dependencies":[2],"instance_cnt":1,"flops":33.0},{"task_name":"task_8","dependencies":[2],"instance_cnt":1,"flops":33.0},{"task_name":"task_9","dependencies":[2],"instance_cnt":1,"flops":33.0},{"task_name":"task_10","dependencies":[6],"instance_cnt":1,"flops":33.0},{"task_name":"task_11","dependencies":[6],"instance_cnt":1,"flops":28.721079862751576},{"task_name":"task_12","dependencies":[6],"instance_cnt":1,"flops":33.0},{"task_name":"task_13","dependencies":[6],"instance_cnt":1,"flops":28.178865919845556},{"task_name":"task_14","dependencies":[7],"instance_cnt":1,"flops":28.860778012900532},{"task_name":"task_15","dependencies":[8],"instance_cnt":1,"flops":28.753638336984903},{"task_name":"task_16","dependencies":[9],"instance_cnt":1,"flops":33.0},{"task_name":"task_17","dependencies":[10],"instance_cnt":1,"flops":28.41143869180481},{"task_name":"task_18","dependencies":[11],"instance_cnt":1,"flops":33.0},{"task_name":"task_19","dependencies":[12],"instance_cnt":1,"flops":30.08352518930256},{"task_name":"task_20","dependencies":[13],"instance_cnt":1,"flops":33.0},{"task_name":"task_21","dependencies":[7],"instance_cnt":1,"flops":33.0},{"task_name":"task_22","dependencies":[0],"instance_cnt":20,"flops":33.0},{"task_name":"task_23","dependencies":[1],"instance_cnt":1,"flops":33.0},{"task_name":"task_24","dependencies":[3],"instance_cnt":1,"flops":33.0},{"task_name":"task_25","dependencies":[0],"instance_cnt":7,"flops":33.0},{"task_name":"task_26","dependencies":[1],"instance_cnt":3,"flops":36.0},{"task_name":"task_27","dependencies":[0],"instance_cnt":5,"flops":29.0},{"task_name":"task_28","dependencies":[0],"instance_cnt":5,"flops":24.45451570245832},{"task_name":"task_29","dependencies":[4],"instance_cnt":1,"flops":28.340058807752552},{"task_name":"task_30","dependencies":[6],"instance_cnt":3,"flops":33.0},{"task_name":"task_31","dependencies":[0],"instance_cnt":20,"flops":28.04785260349161},{"task_name":"task_32","dependencies":[0],"instance_cnt":5,"flops":29.0},{"task_name":"task_33","dependencies":[0],"instance_cnt":3,"flops":26.64334508467557},{"task_name":"task_34","dependencies":[0],"instance_cnt":5,"flops":29.0},{"task_name":"task_35","dependencies":[4],"instance_cnt":1,"flops":33.0},{"task_name":"task_36","dependencies":[3],"instance_cnt":1,"flops":33.0},{"task_name":"task_37","dependencies":[3],"instance_cnt":1,"flops":33.0},{"task_name":"task_38","dependencies":[0],"instance_cnt":5,"flops":29.0},{"task_name":"task_39","dependencies":[0],"instance_cnt":3,"flops":29.0},{"task_name":"task_40","dependencies":[0],"instance_cnt":7,"flops":33.0},{"task_name":"task_41","dependencies":[0],"instance_cnt":5,"flops":25.713845641205307}],"node_holes":[],"edge_property":"directed","edges":[[0,1,1],[1,2,1],[2,3,1],[3,4,1],[0,5,1],[5,6,1],[2,7,1],[2,8,1],[2,9,1],[6,10,1],[6,11,1],[6,12,1],[6,13,1],[7,14,1],[8,15,1],[9,16,1],[10,17,1],[11,18,1],[12,19,1],[13,20,1],[7,21,1],[0,22,1],[1,23,1],[3,24,1],[0,25,1],[1,26,1],[0,27,1],[0,28,1],[4,29,1],[6,30,1],[0,31,1],[0,32,1],[0,33,1],[0,34,1],[4,35,1],[3,36,1],[3,37,1],[0,38,1],[0,39,1],[0,40,1],[0,41,1]]}