{"nodes":[{"task_name":"task_0","dependencies":[],"instance_cnt":20,"flops":10.0},{"task_name":"task_1","dependencies":[0],"instance_cnt":1,"flops":13.0},{"task_name":"task_2","dependencies":[1],"instance_cnt":1,"flops":117.0},{"task_name":"task_3","dependencies":[2],"instance_cnt":1,"flops":237.0},{"task_name":"task_4","dependencies":[3],"instance_cnt":1,"flops":17.0},{"task_name":"task_5","dependencies":[0],"instance_cnt":20,"flops":13.0},{"task_name":"task_6","dependencies":[5],"instance_cnt":20,"flops":103.6460033477789},{"task_name":"task_7","dependencies":[2],"instance_cnt":1,"flops":23.31226381049484},{"task_name":"task_8","dependencies":[2],"instance_cnt":1,"flops":237.0},{"task_name":"task_9","dependencies":[6],"instance_cnt":20,"flops":237.0},{"task_name":"task_10","dependencies":[6],"instance_cnt":15,"flops":237.0},{"task_name":"task_11","dependencies":[6],"instance_cnt":20,"flops":237.0},{"task_name":"task_12","dependencies":[6],"instance_cnt":20,"flops":237.0},{"task_name":"task_13","dependencies":[7],"instance_cnt":1,"flops":17.0},{"task_name":"task_14","dependencies":[8],"instance_cnt":1,"flops":17.0},{"task_name":"task_15","dependencies":[9],"instance_cnt":20,"flops":15.0},{"task_name":"task_16","dependencies":[10],"instance_cnt":1,"flops":17.0},{"task_name":"task_17","dependencies":[11],"instance_cnt":20,"flops":17.0},{"task_name":"task_18","dependencies":[12],"instance_cnt":20,"flops":15.0},{"task_name":"task_19","dependencies":[1],"instance_cnt":1,"flops":237.0},{"task_name":"task_20","dependencies":[1],"instance_cnt":1,"flops":237.0},{"task_name":"task_21","dependencies":[1],"instance_cnt":1,"flops":237.0},{"task_name":"task_22","dependencies":[1],"instance_cnt":1,"flops":237.0},{"task_name":"task_23","dependencies":[0],"instance_cnt":20,"flops":101.15508286939625},{"task_name":"task_24","dependencies":[1],"instance_cnt":1,"flops":17.0},{"task_name":"task_25","dependencies":[6],"instance_cnt":20,"flops":16.91755672288307},{"task_name":"task_26","dependencies":[0],"instance_cnt":20,"flops":24.68045579360016},{"task_name":"task_27","dependencies":[0],"instance_cnt":20,"flops":16.806962852232363},{"task_name":"task_28","dependencies":[0],"instance_cnt":20,"flops":80.1877761030441},{"task_name":"task_29","dependencies":[4],"instance_cnt":1,"flops":15.0},{"task_name":"task_30","dependencies":[3],"instance_cnt":1,"flops":17.0},{"task_name":"task_31","dependencies":[5],"instance_cnt":20,"flops":17.0},{"task_name":"task_32","dependencies":[0],"instance_cnt":20,"flops":13.0},{"task_name":"task_33","dependencies":[0],"instance_cnt":20,"flops":13.0},{"task_name":"task_34","dependencies":[1],"instance_cnt":1,"flops":237.0},{"task_name":"task_35","dependencies":[0],"instance_cnt":20,"flops":13.0}],"node_holes":[],"edge_property":"directed","edges":[[0,1,1],[1,2,1],[2,3,1],[3,4,1],[0,5,1],[5,6,1],[2,7,1],[2,8,1],[6,9,1],[6,10,1],[6,11,1],[6,12,1],[7,13,1],[8,14,1],[9,15,1],[10,16,1],[11,17,1],[12,18,1],[1,19,1],[1,20,1],[1,21,1],[1,22,1],[0,23,1],[1,24,1],[6,25,1],[0,26,1],[0,27,1],[0,28,1],[4,29,1],[3,30,1],[5,31,1],[0,32,1],[0,33,1],[1,34,1],[0,35,1]]}