{"nodes":[{"task_name":"task1","dependencies":[],"instance_cnt":20,"flops":19.0},{"task_name":"task2","dependencies":[0],"instance_cnt":1,"flops":130.0},{"task_name":"task3","dependencies":[1],"instance_cnt":1,"flops":191.0},{"task_name":"task4","dependencies":[2],"instance_cnt":1,"flops":213.0},{"task_name":"task5","dependencies":[3],"instance_cnt":1,"flops":217.0},{"task_name":"task6","dependencies":[4],"instance_cnt":1,"flops":220.0},{"task_name":"task7","dependencies":[0],"instance_cnt":1,"flops":143.0},{"task_name":"task8","dependencies":[6],"instance_cnt":1,"flops":182.0},{"task_name":"task9","dependencies":[7],"instance_cnt":1,"flops":200.0},{"task_name":"task10","dependencies":[8],"instance_cnt":1,"flops":204.0},{"task_name":"task11","dependencies":[9],"instance_cnt":1,"flops":207.0},{"task_name":"task12","dependencies":[0],"instance_cnt":1,"flops":124.0},{"task_name":"task13","dependencies":[11],"instance_cnt":1,"flops":165.0},{"task_name":"task14","dependencies":[12],"instance_cnt":1,"flops":180.0},{"task_name":"task15","dependencies":[13],"instance_cnt":1,"flops":185.0},{"task_name":"task16","dependencies":[14],"instance_cnt":1,"flops":190.0},{"task_name":"task17","dependencies":[0],"instance_cnt":1,"flops":132.0},{"task_name":"task18","dependencies":[16],"instance_cnt":1,"flops":167.0},{"task_name":"task19","dependencies":[17],"instance_cnt":1,"flops":180.0},{"task_name":"task20","dependencies":[18],"instance_cnt":1,"flops":184.0},{"task_name":"task21","dependencies":[19],"instance_cnt":1,"flops":190.0}],"node_holes":[],"edge_property":"directed","edges":[[2,3,1],[3,4,1],[12,13,1],[13,14,1],[4,5,1],[11,12,1],[16,17,1],[0,16,1],[0,6,1],[19,20,1],[0,11,1],[17,18,1],[7,8,1],[0,1,1],[1,2,1],[6,7,1],[18,19,1],[9,10,1],[8,9,1],[14,15,1]]}