{"nodes":[{"task_name":"task_0","dependencies":[],"instance_cnt":20,"flops":18.0},{"task_name":"task_1","dependencies":[0],"instance_cnt":5,"flops":29.0},{"task_name":"task_2","dependencies":[1],"instance_cnt":5,"flops":36.0},{"task_name":"task_3","dependencies":[2],"instance_cnt":2,"flops":33.0},{"task_name":"task_4","dependencies":[3],"instance_cnt":2,"flops":33.0},{"task_name":"task_5","dependencies":[0],"instance_cnt":5,"flops":29.0},{"task_name":"task_6","dependencies":[5],"instance_cnt":5,"flops":36.0},{"task_name":"task_7","dependencies":[2],"instance_cnt":2,"flops":33.0},{"task_name":"task_8","dependencies":[2],"instance_cnt":2,"flops":33.0},{"task_name":"task_9","dependencies":[2],"instance_cnt":2,"flops":27.02418944468453},{"task_name":"task_10","dependencies":[6],"instance_cnt":2,"flops":33.0},{"task_name":"task_11","dependencies":[6],"instance_cnt":2,"flops":33.0},{"task_name":"task_12","dependencies":[6],"instance_cnt":2,"flops":33.0},{"task_name":"task_13","dependencies":[6],"instance_cnt":2,"flops":33.0},{"task_name":"task_14","dependencies":[7],"instance_cnt":2,"flops":33.0},{"task_name":"task_15","dependencies":[8],"instance_cnt":2,"flops":28.576652748030906},{"task_name":"task_16","dependencies":[9],"instance_cnt":2,"flops":33.0},{"task_name":"task_17","dependencies":[10],"instance_cnt":2,"flops":28.977213820405186},{"task_name":"task_18","dependencies":[11],"instance_cnt":2,"flops":33.0},{"task_name":"task_19","dependencies":[12],"instance_cnt":2,"flops":33.0},{"task_name":"task_20","dependencies":[13],"instance_cnt":2,"flops":33.0},{"task_name":"task_21","dependencies":[0],"instance_cnt":5,"flops":29.0},{"task_name":"task_22","dependencies":[0],"instance_cnt":5,"flops":29.0},{"task_name":"task_23","dependencies":[0],"instance_cnt":7,"flops":33.0},{"task_name":"task_24","dependencies":[1],"instance_cnt":2,"flops":33.0},{"task_name":"task_25","dependencies":[0],"instance_cnt":7,"flops":33.0},{"task_name":"task_26","dependencies":[4],"instance_cnt":2,"flops":31.367027351625076},{"task_name":"task_27","dependencies":[0],"instance_cnt":7,"flops":33.0},{"task_name":"task_28","dependencies":[0],"instance_cnt":7,"flops":33.0},{"task_name":"task_29","dependencies":[1],"instance_cnt":2,"flops":33.0},{"task_name":"task_30","dependencies":[0],"instance_cnt":5,"flops":24.12784886074177},{"task_name":"task_31","dependencies":[1],"instance_cnt":2,"flops":33.0},{"task_name":"task_32","dependencies":[0],"instance_cnt":20,"flops":28.231736374407316},{"task_name":"task_33","dependencies":[0],"instance_cnt":5,"flops":24.672025331241613},{"task_name":"task_34","dependencies":[0],"instance_cnt":5,"flops":24.77474877418058},{"task_name":"task_35","dependencies":[0],"instance_cnt":7,"flops":33.0},{"task_name":"task_36","dependencies":[1],"instance_cnt":2,"flops":33.0},{"task_name":"task_37","dependencies":[1],"instance_cnt":2,"flops":33.0},{"task_name":"task_38","dependencies":[5],"instance_cnt":5,"flops":33.0},{"task_name":"task_39","dependencies":[4],"instance_cnt":2,"flops":33.0},{"task_name":"task_40","dependencies":[0],"instance_cnt":7,"flops":33.0},{"task_name":"task_41","dependencies":[1],"instance_cnt":5,"flops":33.0}],"node_holes":[],"edge_property":"directed","edges":[[0,1,1],[1,2,1],[2,3,1],[3,4,1],[0,5,1],[5,6,1],[2,7,1],[2,8,1],[2,9,1],[6,10,1],[6,11,1],[6,12,1],[6,13,1],[7,14,1],[8,15,1],[9,16,1],[10,17,1],[11,18,1],[12,19,1],[13,20,1],[0,21,1],[0,22,1],[0,23,1],[1,24,1],[0,25,1],[4,26,1],[0,27,1],[0,28,1],[1,29,1],[0,30,1],[1,31,1],[0,32,1],[0,33,1],[0,34,1],[0,35,1],[1,36,1],[1,37,1],[5,38,1],[4,39,1],[0,40,1],[1,41,1]]}