{"nodes":[{"task_name":"task1","dependencies":[],"instance_cnt":20,"flops":34.0},{"task_name":"task2","dependencies":[0],"instance_cnt":1,"flops":64.0},{"task_name":"task3","dependencies":[1],"instance_cnt":1,"flops":251.0},{"task_name":"task4","dependencies":[2],"instance_cnt":1,"flops":401.0},{"task_name":"task5","dependencies":[3],"instance_cnt":1,"flops":406.0},{"task_name":"task6","dependencies":[4],"instance_cnt":1,"flops":419.0},{"task_name":"task7","dependencies":[0],"instance_cnt":1,"flops":64.0},{"task_name":"task8","dependencies":[6],"instance_cnt":1,"flops":78.0},{"task_name":"task9","dependencies":[7],"instance_cnt":1,"flops":182.0},{"task_name":"task10","dependencies":[8],"instance_cnt":1,"flops":187.0},{"task_name":"task11","dependencies":[9],"instance_cnt":1,"flops":194.0},{"task_name":"task12","dependencies":[0],"instance_cnt":1,"flops":68.0},{"task_name":"task13","dependencies":[11],"instance_cnt":1,"flops":81.0},{"task_name":"task14","dependencies":[12],"instance_cnt":1,"flops":89.0},{"task_name":"task15","dependencies":[13],"instance_cnt":1,"flops":95.0},{"task_name":"task16","dependencies":[14],"instance_cnt":1,"flops":138.0},{"task_name":"task17","dependencies":[0],"instance_cnt":1,"flops":62.0},{"task_name":"task18","dependencies":[16],"instance_cnt":1,"flops":550.0},{"task_name":"task19","dependencies":[17],"instance_cnt":1,"flops":907.0},{"task_name":"task20","dependencies":[18],"instance_cnt":1,"flops":922.0},{"task_name":"task21","dependencies":[19],"instance_cnt":1,"flops":929.0}],"node_holes":[],"edge_property":"directed","edges":[[8,9,1],[9,10,1],[11,12,1],[17,18,1],[2,3,1],[7,8,1],[16,17,1],[12,13,1],[0,16,1],[14,15,1],[0,6,1],[18,19,1],[0,11,1],[19,20,1],[6,7,1],[3,4,1],[4,5,1],[1,2,1],[13,14,1],[0,1,1]]}