{"nodes":[{"task_name":"task_0","dependencies":[],"instance_cnt":1,"flops":1.0},{"task_name":"task_1","dependencies":[0],"instance_cnt":1,"flops":9.0},{"task_name":"task_2","dependencies":[1],"instance_cnt":1,"flops":11.0},{"task_name":"task_3","dependencies":[2],"instance_cnt":1,"flops":18.0},{"task_name":"task_4","dependencies":[3],"instance_cnt":1,"flops":18.131582125541502},{"task_name":"task_5","dependencies":[4],"instance_cnt":1,"flops":32.0},{"task_name":"task_6","dependencies":[5],"instance_cnt":1,"flops":33.0},{"task_name":"task_7","dependencies":[0],"instance_cnt":1,"flops":18.0},{"task_name":"task_8","dependencies":[0],"instance_cnt":1,"flops":32.0},{"task_name":"task_9","dependencies":[0],"instance_cnt":1,"flops":33.0},{"task_name":"task_10","dependencies":[0],"instance_cnt":1,"flops":33.0},{"task_name":"task_11","dependencies":[0],"instance_cnt":1,"flops":18.0},{"task_name":"task_12","dependencies":[0],"instance_cnt":1,"flops":18.0},{"task_name":"task_13","dependencies":[0],"instance_cnt":1,"flops":10.0},{"task_name":"task_14","dependencies":[0],"instance_cnt":1,"flops":9.0},{"task_name":"task_15","dependencies":[0],"instance_cnt":1,"flops":32.0},{"task_name":"task_16","dependencies":[0],"instance_cnt":1,"flops":10.0},{"task_name":"task_17","dependencies":[0],"instance_cnt":1,"flops":16.637087176142682},{"task_name":"task_18","dependencies":[0],"instance_cnt":1,"flops":11.855156958785871},{"task_name":"task_19","dependencies":[0],"instance_cnt":1,"flops":32.0},{"task_name":"task_20","dependencies":[0],"instance_cnt":1,"flops":9.0},{"task_name":"task_21","dependencies":[0],"instance_cnt":1,"flops":16.42343790698378},{"task_name":"task_22","dependencies":[0],"instance_cnt":1,"flops":32.0},{"task_name":"task_23","dependencies":[0],"instance_cnt":1,"flops":11.0},{"task_name":"task_24","dependencies":[0],"instance_cnt":1,"flops":18.0},{"task_name":"task_25","dependencies":[0],"instance_cnt":1,"flops":32.0},{"task_name":"task_26","dependencies":[0],"instance_cnt":1,"flops":10.0},{"task_name":"task_27","dependencies":[0],"instance_cnt":1,"flops":17.20885817933814},{"task_name":"task_28","dependencies":[0],"instance_cnt":1,"flops":16.77116318327804},{"task_name":"task_29","dependencies":[0],"instance_cnt":1,"flops":33.0},{"task_name":"task_30","dependencies":[0],"instance_cnt":1,"flops":30.208699707359216},{"task_name":"task_31","dependencies":[0],"instance_cnt":1,"flops":33.0},{"task_name":"task_32","dependencies":[0],"instance_cnt":1,"flops":21.0},{"task_name":"task_33","dependencies":[0],"instance_cnt":1,"flops":17.354593016325797},{"task_name":"task_34","dependencies":[0],"instance_cnt":1,"flops":10.999375509432172},{"task_name":"task_35","dependencies":[0],"instance_cnt":1,"flops":32.0},{"task_name":"task_36","dependencies":[0],"instance_cnt":1,"flops":32.0},{"task_name":"task_37","dependencies":[0],"instance_cnt":1,"flops":18.0},{"task_name":"task_38","dependencies":[0],"instance_cnt":1,"flops":12.010262625779665},{"task_name":"task_39","dependencies":[0],"instance_cnt":1,"flops":33.0},{"task_name":"task_40","dependencies":[0],"instance_cnt":1,"flops":9.0},{"task_name":"task_41","dependencies":[0],"instance_cnt":1,"flops":21.0},{"task_name":"task_42","dependencies":[0],"instance_cnt":1,"flops":32.0},{"task_name":"task_43","dependencies":[0],"instance_cnt":1,"flops":15.684483754197082},{"task_name":"task_44","dependencies":[0],"instance_cnt":1,"flops":11.0},{"task_name":"task_45","dependencies":[0],"instance_cnt":1,"flops":21.0}],"node_holes":[],"edge_property":"directed","edges":[[0,1,1],[1,2,1],[2,3,1],[3,4,1],[4,5,1],[5,6,1],[0,7,1],[0,8,1],[0,9,1],[0,10,1],[0,11,1],[0,12,1],[0,13,1],[0,14,1],[0,15,1],[0,16,1],[0,17,1],[0,18,1],[0,19,1],[0,20,1],[0,21,1],[0,22,1],[0,23,1],[0,24,1],[0,25,1],[0,26,1],[0,27,1],[0,28,1],[0,29,1],[0,30,1],[0,31,1],[0,32,1],[0,33,1],[0,34,1],[0,35,1],[0,36,1],[0,37,1],[0,38,1],[0,39,1],[0,40,1],[0,41,1],[0,42,1],[0,43,1],[0,44,1],[0,45,1]]}