{"nodes":[{"task_name":"task1","dependencies":[],"instance_cnt":20,"flops":229.0},{"task_name":"task2","dependencies":[0],"instance_cnt":20,"flops":308.0},{"task_name":"task3","dependencies":[1],"instance_cnt":20,"flops":404.0},{"task_name":"task4","dependencies":[2],"instance_cnt":1,"flops":417.0},{"task_name":"task5","dependencies":[3],"instance_cnt":1,"flops":477.0},{"task_name":"task6","dependencies":[0],"instance_cnt":20,"flops":292.0},{"task_name":"task7","dependencies":[5],"instance_cnt":20,"flops":339.0},{"task_name":"task8","dependencies":[6],"instance_cnt":20,"flops":464.0},{"task_name":"task9","dependencies":[7],"instance_cnt":20,"flops":503.0}],"node_holes":[],"edge_property":"directed","edges":[[5,6,1],[3,4,1],[6,7,1],[2,3,1],[0,5,1],[1,2,1],[7,8,1],[0,1,1]]}