{"nodes":[{"task_name":"task_0","dependencies":[],"instance_cnt":1,"flops":14.298288244788218},{"task_name":"task_1","dependencies":[0],"instance_cnt":1,"flops":32.0},{"task_name":"task_2","dependencies":[1],"instance_cnt":1,"flops":170.0},{"task_name":"task_3","dependencies":[2],"instance_cnt":1,"flops":19.0},{"task_name":"task_4","dependencies":[3],"instance_cnt":1,"flops":41.0},{"task_name":"task_5","dependencies":[2],"instance_cnt":1,"flops":8.0},{"task_name":"task_6","dependencies":[5],"instance_cnt":1,"flops":41.0},{"task_name":"task_7","dependencies":[1],"instance_cnt":1,"flops":41.0},{"task_name":"task_8","dependencies":[0],"instance_cnt":1,"flops":19.0},{"task_name":"task_9","dependencies":[0],"instance_cnt":1,"flops":27.894031626334836},{"task_name":"task_10","dependencies":[0],"instance_cnt":1,"flops":32.0},{"task_name":"task_11","dependencies":[0],"instance_cnt":1,"flops":41.0},{"task_name":"task_12","dependencies":[0],"instance_cnt":1,"flops":30.158282132216165},{"task_name":"task_13","dependencies":[0],"instance_cnt":1,"flops":13.0},{"task_name":"task_14","dependencies":[0],"instance_cnt":1,"flops":19.0},{"task_name":"task_15","dependencies":[0],"instance_cnt":1,"flops":21.389671540190136}],"node_holes":[],"edge_property":"directed","edges":[[0,1,1],[1,2,1],[2,3,1],[3,4,1],[2,5,1],[5,6,1],[1,7,1],[0,8,1],[0,9,1],[0,10,1],[0,11,1],[0,12,1],[0,13,1],[0,14,1],[0,15,1]]}