{"nodes":[{"task_name":"task_0","dependencies":[],"instance_cnt":1,"flops":0.0},{"task_name":"task_1","dependencies":[0],"instance_cnt":1,"flops":9.750819427828796},{"task_name":"task_2","dependencies":[1],"instance_cnt":1,"flops":11.0},{"task_name":"task_3","dependencies":[2],"instance_cnt":1,"flops":18.0},{"task_name":"task_4","dependencies":[3],"instance_cnt":1,"flops":21.0},{"task_name":"task_5","dependencies":[4],"instance_cnt":1,"flops":24.576882654688333},{"task_name":"task_6","dependencies":[5],"instance_cnt":1,"flops":33.0},{"task_name":"task_7","dependencies":[0],"instance_cnt":1,"flops":14.90684199581579},{"task_name":"task_8","dependencies":[0],"instance_cnt":1,"flops":10.0},{"task_name":"task_9","dependencies":[0],"instance_cnt":1,"flops":21.0},{"task_name":"task_10","dependencies":[0],"instance_cnt":1,"flops":33.0},{"task_name":"task_11","dependencies":[0],"instance_cnt":1,"flops":21.0},{"task_name":"task_12","dependencies":[0],"instance_cnt":1,"flops":18.0},{"task_name":"task_13","dependencies":[0],"instance_cnt":1,"flops":20.21180257753599},{"task_name":"task_14","dependencies":[0],"instance_cnt":1,"flops":5.70432206297713},{"task_name":"task_15","dependencies":[0],"instance_cnt":1,"flops":33.0},{"task_name":"task_16","dependencies":[0],"instance_cnt":1,"flops":9.38112272716861},{"task_name":"task_17","dependencies":[0],"instance_cnt":1,"flops":21.0},{"task_name":"task_18","dependencies":[0],"instance_cnt":1,"flops":33.0},{"task_name":"task_19","dependencies":[0],"instance_cnt":1,"flops":18.0},{"task_name":"task_20","dependencies":[0],"instance_cnt":1,"flops":17.860969257256944},{"task_name":"task_21","dependencies":[0],"instance_cnt":1,"flops":18.336359834782797},{"task_name":"task_22","dependencies":[0],"instance_cnt":1,"flops":18.90857341590954},{"task_name":"task_23","dependencies":[0],"instance_cnt":1,"flops":18.0},{"task_name":"task_24","dependencies":[0],"instance_cnt":1,"flops":1.2508667991837652},{"task_name":"task_25","dependencies":[0],"instance_cnt":1,"flops":32.0},{"task_name":"task_26","dependencies":[0],"instance_cnt":1,"flops":9.0},{"task_name":"task_27","dependencies":[0],"instance_cnt":1,"flops":33.0},{"task_name":"task_28","dependencies":[0],"instance_cnt":1,"flops":11.0},{"task_name":"task_29","dependencies":[0],"instance_cnt":1,"flops":10.0}],"node_holes":[],"edge_property":"directed","edges":[[0,1,1],[1,2,1],[2,3,1],[3,4,1],[4,5,1],[5,6,1],[0,7,1],[0,8,1],[0,9,1],[0,10,1],[0,11,1],[0,12,1],[0,13,1],[0,14,1],[0,15,1],[0,16,1],[0,17,1],[0,18,1],[0,19,1],[0,20,1],[0,21,1],[0,22,1],[0,23,1],[0,24,1],[0,25,1],[0,26,1],[0,27,1],[0,28,1],[0,29,1]]}