{"nodes":[{"task_name":"task_0","dependencies":[],"instance_cnt":1,"flops":14.0},{"task_name":"task_1","dependencies":[0],"instance_cnt":1,"flops":13.0},{"task_name":"task_2","dependencies":[1],"instance_cnt":3,"flops":55.0},{"task_name":"task_3","dependencies":[2],"instance_cnt":3,"flops":5.0},{"task_name":"task_4","dependencies":[3],"instance_cnt":1,"flops":23.0},{"task_name":"task_5","dependencies":[2],"instance_cnt":3,"flops":5.0},{"task_name":"task_6","dependencies":[2],"instance_cnt":3,"flops":5.0},{"task_name":"task_7","dependencies":[2],"instance_cnt":3,"flops":5.0},{"task_name":"task_8","dependencies":[5],"instance_cnt":3,"flops":23.0},{"task_name":"task_9","dependencies":[6],"instance_cnt":3,"flops":23.0},{"task_name":"task_10","dependencies":[7],"instance_cnt":3,"flops":23.0},{"task_name":"task_11","dependencies":[0],"instance_cnt":1,"flops":13.0},{"task_name":"task_12","dependencies":[1],"instance_cnt":1,"flops":23.0},{"task_name":"task_13","dependencies":[0],"instance_cnt":1,"flops":5.0},{"task_name":"task_14","dependencies":[0],"instance_cnt":3,"flops":55.0},{"task_name":"task_15","dependencies":[0],"instance_cnt":1,"flops":115.0},{"task_name":"task_16","dependencies":[0],"instance_cnt":1,"flops":115.0},{"task_name":"task_17","dependencies":[0],"instance_cnt":1,"flops":13.0},{"task_name":"task_18","dependencies":[1],"instance_cnt":1,"flops":23.0},{"task_name":"task_19","dependencies":[0],"instance_cnt":1,"flops":5.0},{"task_name":"task_20","dependencies":[0],"instance_cnt":1,"flops":115.0},{"task_name":"task_21","dependencies":[0],"instance_cnt":1,"flops":20.0},{"task_name":"task_22","dependencies":[0],"instance_cnt":3,"flops":55.0},{"task_name":"task_23","dependencies":[0],"instance_cnt":1,"flops":111.9639267725673},{"task_name":"task_24","dependencies":[0],"instance_cnt":1,"flops":5.0},{"task_name":"task_25","dependencies":[0],"instance_cnt":1,"flops":5.0},{"task_name":"task_26","dependencies":[0],"instance_cnt":1,"flops":115.0},{"task_name":"task_27","dependencies":[1],"instance_cnt":1,"flops":23.0}],"node_holes":[],"edge_property":"directed","edges":[[0,1,1],[1,2,1],[2,3,1],[3,4,1],[2,5,1],[2,6,1],[2,7,1],[5,8,1],[6,9,1],[7,10,1],[0,11,1],[1,12,1],[0,13,1],[0,14,1],[0,15,1],[0,16,1],[0,17,1],[1,18,1],[0,19,1],[0,20,1],[0,21,1],[0,22,1],[0,23,1],[0,24,1],[0,25,1],[0,26,1],[1,27,1]]}