{"nodes":[{"task_name":"task1","dependencies":[],"instance_cnt":1,"flops":3.0},{"task_name":"task2","dependencies":[0],"instance_cnt":1,"flops":6.0},{"task_name":"task3","dependencies":[1],"instance_cnt":1,"flops":315.0},{"task_name":"task4","dependencies":[2],"instance_cnt":5,"flops":341.0},{"task_name":"task5","dependencies":[3],"instance_cnt":1,"flops":345.0},{"task_name":"task6","dependencies":[4],"instance_cnt":1,"flops":348.0},{"task_name":"task7","dependencies":[5],"instance_cnt":1,"flops":351.0},{"task_name":"task8","dependencies":[3],"instance_cnt":1,"flops":344.0},{"task_name":"task9","dependencies":[7],"instance_cnt":1,"flops":347.0},{"task_name":"task10","dependencies":[8],"instance_cnt":1,"flops":351.0},{"task_name":"task11","dependencies":[3],"instance_cnt":1,"flops":344.0},{"task_name":"task12","dependencies":[10],"instance_cnt":1,"flops":348.0},{"task_name":"task13","dependencies":[11],"instance_cnt":1,"flops":352.0},{"task_name":"task14","dependencies":[3],"instance_cnt":1,"flops":344.0},{"task_name":"task15","dependencies":[13],"instance_cnt":1,"flops":347.0},{"task_name":"task16","dependencies":[14],"instance_cnt":1,"flops":350.0},{"task_name":"task17","dependencies":[3],"instance_cnt":1,"flops":344.0},{"task_name":"task18","dependencies":[16],"instance_cnt":1,"flops":348.0},{"task_name":"task19","dependencies":[17],"instance_cnt":1,"flops":351.0},{"task_name":"task20","dependencies":[3],"instance_cnt":1,"flops":344.0},{"task_name":"task21","dependencies":[19],"instance_cnt":1,"flops":348.0},{"task_name":"task22","dependencies":[20],"instance_cnt":1,"flops":351.0}],"node_holes":[],"edge_property":"directed","edges":[[11,12,1],[14,15,1],[3,7,1],[3,16,1],[3,19,1],[8,9,1],[10,11,1],[2,3,1],[17,18,1],[0,1,1],[3,10,1],[7,8,1],[5,6,1],[4,5,1],[19,20,1],[3,13,1],[13,14,1],[16,17,1],[20,21,1],[3,4,1],[1,2,1]]}