{"nodes":[{"task_name":"task_0","dependencies":[],"instance_cnt":20,"flops":18.0},{"task_name":"task_1","dependencies":[0],"instance_cnt":5,"flops":26.07433132532649},{"task_name":"task_2","dependencies":[1],"instance_cnt":5,"flops":36.0},{"task_name":"task_3","dependencies":[2],"instance_cnt":2,"flops":33.0},{"task_name":"task_4","dependencies":[3],"instance_cnt":2,"flops":32.259059770231914},{"task_name":"task_5","dependencies":[0],"instance_cnt":5,"flops":29.0},{"task_name":"task_6","dependencies":[5],"instance_cnt":5,"flops":27.79780976139984},{"task_name":"task_7","dependencies":[2],"instance_cnt":2,"flops":33.0},{"task_name":"task_8","dependencies":[2],"instance_cnt":2,"flops":33.0},{"task_name":"task_9","dependencies":[2],"instance_cnt":2,"flops":33.0},{"task_name":"task_10","dependencies":[6],"instance_cnt":2,"flops":33.0},{"task_name":"task_11","dependencies":[6],"instance_cnt":2,"flops":33.0},{"task_name":"task_12","dependencies":[6],"instance_cnt":2,"flops":33.0},{"task_name":"task_13","dependencies":[6],"instance_cnt":2,"flops":28.02068580047146},{"task_name":"task_14","dependencies":[7],"instance_cnt":2,"flops":33.0},{"task_name":"task_15","dependencies":[8],"instance_cnt":2,"flops":33.0},{"task_name":"task_16","dependencies":[9],"instance_cnt":2,"flops":33.0},{"task_name":"task_17","dependencies":[10],"instance_cnt":2,"flops":28.605414169758475},{"task_name":"task_18","dependencies":[11],"instance_cnt":2,"flops":33.0},{"task_name":"task_19","dependencies":[12],"instance_cnt":2,"flops":33.0},{"task_name":"task_20","dependencies":[13],"instance_cnt":2,"flops":33.0},{"task_name":"task_21","dependencies":[0],"instance_cnt":7,"flops":33.0},{"task_name":"task_22","dependencies":[0],"instance_cnt":5,"flops":29.0},{"task_name":"task_23","dependencies":[0],"instance_cnt":5,"flops":24.53260121789893},{"task_name":"task_24","dependencies":[1],"instance_cnt":5,"flops":33.723048473899084},{"task_name":"task_25","dependencies":[1],"instance_cnt":5,"flops":28.14303331424203},{"task_name":"task_26","dependencies":[4],"instance_cnt":2,"flops":33.0},{"task_name":"task_27","dependencies":[1],"instance_cnt":2,"flops":33.0},{"task_name":"task_28","dependencies":[1],"instance_cnt":2,"flops":27.427266114529985},{"task_name":"task_29","dependencies":[0],"instance_cnt":7,"flops":33.0},{"task_name":"task_30","dependencies":[1],"instance_cnt":2,"flops":33.0},{"task_name":"task_31","dependencies":[7],"instance_cnt":2,"flops":33.0},{"task_name":"task_32","dependencies":[0],"instance_cnt":7,"flops":33.0},{"task_name":"task_33","dependencies":[2],"instance_cnt":5,"flops":33.0},{"task_name":"task_34","dependencies":[0],"instance_cnt":7,"flops":33.0},{"task_name":"task_35","dependencies":[4],"instance_cnt":2,"flops":33.0},{"task_name":"task_36","dependencies":[1],"instance_cnt":2,"flops":33.0},{"task_name":"task_37","dependencies":[0],"instance_cnt":20,"flops":36.0},{"task_name":"task_38","dependencies":[1],"instance_cnt":2,"flops":28.307715492006892},{"task_name":"task_39","dependencies":[0],"instance_cnt":7,"flops":33.0},{"task_name":"task_40","dependencies":[1],"instance_cnt":2,"flops":33.0},{"task_name":"task_41","dependencies":[7],"instance_cnt":2,"flops":33.0}],"node_holes":[],"edge_property":"directed","edges":[[0,1,1],[1,2,1],[2,3,1],[3,4,1],[0,5,1],[5,6,1],[2,7,1],[2,8,1],[2,9,1],[6,10,1],[6,11,1],[6,12,1],[6,13,1],[7,14,1],[8,15,1],[9,16,1],[10,17,1],[11,18,1],[12,19,1],[13,20,1],[0,21,1],[0,22,1],[0,23,1],[1,24,1],[1,25,1],[4,26,1],[1,27,1],[1,28,1],[0,29,1],[1,30,1],[7,31,1],[0,32,1],[2,33,1],[0,34,1],[4,35,1],[1,36,1],[0,37,1],[1,38,1],[0,39,1],[1,40,1],[7,41,1]]}