{"nodes":[{"task_name":"task_0","dependencies":[],"instance_cnt":20,"flops":7.8789814509408655},{"task_name":"task_1","dependencies":[0],"instance_cnt":20,"flops":13.0},{"task_name":"task_2","dependencies":[1],"instance_cnt":20,"flops":117.0},{"task_name":"task_3","dependencies":[2],"instance_cnt":20,"flops":237.0},{"task_name":"task_4","dependencies":[3],"instance_cnt":20,"flops":17.0},{"task_name":"task_5","dependencies":[0],"instance_cnt":20,"flops":13.0},{"task_name":"task_6","dependencies":[5],"instance_cnt":20,"flops":117.0},{"task_name":"task_7","dependencies":[2],"instance_cnt":9,"flops":237.0},{"task_name":"task_8","dependencies":[2],"instance_cnt":20,"flops":75.0554452158135},{"task_name":"task_9","dependencies":[2],"instance_cnt":20,"flops":237.0},{"task_name":"task_10","dependencies":[6],"instance_cnt":11,"flops":188.65599138828753},{"task_name":"task_11","dependencies":[6],"instance_cnt":20,"flops":183.58533811531058},{"task_name":"task_12","dependencies":[6],"instance_cnt":20,"flops":24.284813118128},{"task_name":"task_13","dependencies":[6],"instance_cnt":17,"flops":21.46026680210278},{"task_name":"task_14","dependencies":[7],"instance_cnt":9,"flops":17.0},{"task_name":"task_15","dependencies":[8],"instance_cnt":3,"flops":17.0},{"task_name":"task_16","dependencies":[9],"instance_cnt":20,"flops":17.0},{"task_name":"task_17","dependencies":[10],"instance_cnt":11,"flops":17.0},{"task_name":"task_18","dependencies":[11],"instance_cnt":20,"flops":17.0},{"task_name":"task_19","dependencies":[12],"instance_cnt":20,"flops":17.0},{"task_name":"task_20","dependencies":[13],"instance_cnt":17,"flops":17.0},{"task_name":"task_21","dependencies":[0],"instance_cnt":20,"flops":117.0},{"task_name":"task_22","dependencies":[1],"instance_cnt":20,"flops":17.0},{"task_name":"task_23","dependencies":[1],"instance_cnt":20,"flops":237.0},{"task_name":"task_24","dependencies":[7],"instance_cnt":9,"flops":17.0},{"task_name":"task_25","dependencies":[4],"instance_cnt":20,"flops":17.0},{"task_name":"task_26","dependencies":[1],"instance_cnt":20,"flops":237.0},{"task_name":"task_27","dependencies":[3],"instance_cnt":20,"flops":17.0},{"task_name":"task_28","dependencies":[4],"instance_cnt":20,"flops":15.0},{"task_name":"task_29","dependencies":[1],"instance_cnt":20,"flops":23.901073653301594},{"task_name":"task_30","dependencies":[0],"instance_cnt":20,"flops":237.0},{"task_name":"task_31","dependencies":[2],"instance_cnt":20,"flops":17.0}],"node_holes":[],"edge_property":"directed","edges":[[0,1,1],[1,2,1],[2,3,1],[3,4,1],[0,5,1],[5,6,1],[2,7,1],[2,8,1],[2,9,1],[6,10,1],[6,11,1],[6,12,1],[6,13,1],[7,14,1],[8,15,1],[9,16,1],[10,17,1],[11,18,1],[12,19,1],[13,20,1],[0,21,1],[1,22,1],[1,23,1],[7,24,1],[4,25,1],[1,26,1],[3,27,1],[4,28,1],[1,29,1],[0,30,1],[2,31,1]]}