{"nodes":[{"task_name":"task1","dependencies":[],"instance_cnt":1,"flops":11.0},{"task_name":"task2","dependencies":[0],"instance_cnt":1,"flops":22.0},{"task_name":"task3","dependencies":[1],"instance_cnt":1,"flops":30.0},{"task_name":"task4","dependencies":[2],"instance_cnt":1,"flops":37.0},{"task_name":"task5","dependencies":[3],"instance_cnt":1,"flops":44.0},{"task_name":"task6","dependencies":[4],"instance_cnt":1,"flops":57.0},{"task_name":"task7","dependencies":[0],"instance_cnt":1,"flops":17.0},{"task_name":"task8","dependencies":[6],"instance_cnt":1,"flops":22.0},{"task_name":"task9","dependencies":[7],"instance_cnt":1,"flops":27.0},{"task_name":"task10","dependencies":[8],"instance_cnt":1,"flops":39.0},{"task_name":"task11","dependencies":[9],"instance_cnt":1,"flops":48.0}],"node_holes":[],"edge_property":"directed","edges":[[3,4,1],[6,7,1],[9,10,1],[8,9,1],[7,8,1],[1,2,1],[0,1,1],[2,3,1],[0,6,1],[4,5,1]]}