{"nodes":[{"task_name":"task_0","dependencies":[],"instance_cnt":20,"flops":10.0},{"task_name":"task_1","dependencies":[0],"instance_cnt":20,"flops":13.0},{"task_name":"task_2","dependencies":[1],"instance_cnt":20,"flops":117.0},{"task_name":"task_3","dependencies":[2],"instance_cnt":20,"flops":237.0},{"task_name":"task_4","dependencies":[3],"instance_cnt":20,"flops":15.0},{"task_name":"task_5","dependencies":[2],"instance_cnt":20,"flops":22.99337555704483},{"task_name":"task_6","dependencies":[2],"instance_cnt":20,"flops":237.0},{"task_name":"task_7","dependencies":[2],"instance_cnt":20,"flops":38.12033701970546},{"task_name":"task_8","dependencies":[5],"instance_cnt":4,"flops":17.0},{"task_name":"task_9","dependencies":[6],"instance_cnt":20,"flops":15.0},{"task_name":"task_10","dependencies":[7],"instance_cnt":3,"flops":15.0},{"task_name":"task_11","dependencies":[0],"instance_cnt":20,"flops":237.0},{"task_name":"task_12","dependencies":[0],"instance_cnt":20,"flops":117.0},{"task_name":"task_13","dependencies":[0],"instance_cnt":20,"flops":237.0},{"task_name":"task_14","dependencies":[0],"instance_cnt":20,"flops":117.0},{"task_name":"task_15","dependencies":[0],"instance_cnt":20,"flops":117.0},{"task_name":"task_16","dependencies":[0],"instance_cnt":20,"flops":17.087176061119372},{"task_name":"task_17","dependencies":[0],"instance_cnt":20,"flops":13.0},{"task_name":"task_18","dependencies":[2],"instance_cnt":20,"flops":17.0},{"task_name":"task_19","dependencies":[0],"instance_cnt":11,"flops":17.0},{"task_name":"task_20","dependencies":[0],"instance_cnt":20,"flops":13.0},{"task_name":"task_21","dependencies":[0],"instance_cnt":20,"flops":24.015135669701618},{"task_name":"task_22","dependencies":[0],"instance_cnt":20,"flops":23.799724511098137},{"task_name":"task_23","dependencies":[0],"instance_cnt":20,"flops":237.0},{"task_name":"task_24","dependencies":[0],"instance_cnt":15,"flops":13.0},{"task_name":"task_25","dependencies":[0],"instance_cnt":20,"flops":237.0},{"task_name":"task_26","dependencies":[1],"instance_cnt":20,"flops":17.0},{"task_name":"task_27","dependencies":[0],"instance_cnt":20,"flops":24.61971678947564},{"task_name":"task_28","dependencies":[0],"instance_cnt":15,"flops":17.0},{"task_name":"task_29","dependencies":[0],"instance_cnt":20,"flops":237.0},{"task_name":"task_30","dependencies":[0],"instance_cnt":20,"flops":117.0},{"task_name":"task_31","dependencies":[0],"instance_cnt":16,"flops":237.0},{"task_name":"task_32","dependencies":[1],"instance_cnt":20,"flops":17.0},{"task_name":"task_33","dependencies":[0],"instance_cnt":20,"flops":117.0},{"task_name":"task_34","dependencies":[0],"instance_cnt":20,"flops":13.0},{"task_name":"task_35","dependencies":[0],"instance_cnt":20,"flops":237.0}],"node_holes":[],"edge_property":"directed","edges":[[0,1,1],[1,2,1],[2,3,1],[3,4,1],[2,5,1],[2,6,1],[2,7,1],[5,8,1],[6,9,1],[7,10,1],[0,11,1],[0,12,1],[0,13,1],[0,14,1],[0,15,1],[0,16,1],[0,17,1],[2,18,1],[0,19,1],[0,20,1],[0,21,1],[0,22,1],[0,23,1],[0,24,1],[0,25,1],[1,26,1],[0,27,1],[0,28,1],[0,29,1],[0,30,1],[0,31,1],[1,32,1],[0,33,1],[0,34,1],[0,35,1]]}