{"nodes":[{"task_name":"task_0","dependencies":[],"instance_cnt":20,"flops":9.0},{"task_name":"task_1","dependencies":[0],"instance_cnt":1,"flops":92.59999999999992},{"task_name":"task_2","dependencies":[1],"instance_cnt":1,"flops":28.2761684470343},{"task_name":"task_3","dependencies":[2],"instance_cnt":1,"flops":13.0},{"task_name":"task_4","dependencies":[3],"instance_cnt":1,"flops":1.0},{"task_name":"task_5","dependencies":[4],"instance_cnt":1,"flops":1.0},{"task_name":"task_6","dependencies":[0],"instance_cnt":1,"flops":92.59999999999992},{"task_name":"task_7","dependencies":[0],"instance_cnt":1,"flops":54.71358021287625},{"task_name":"task_8","dependencies":[0],"instance_cnt":1,"flops":92.59999999999992},{"task_name":"task_9","dependencies":[6],"instance_cnt":1,"flops":47.0},{"task_name":"task_10","dependencies":[7],"instance_cnt":1,"flops":47.0},{"task_name":"task_11","dependencies":[8],"instance_cnt":1,"flops":47.0},{"task_name":"task_12","dependencies":[9],"instance_cnt":1,"flops":13.0},{"task_name":"task_13","dependencies":[10],"instance_cnt":1,"flops":9.47707525275844},{"task_name":"task_14","dependencies":[11],"instance_cnt":1,"flops":13.0},{"task_name":"task_15","dependencies":[12],"instance_cnt":1,"flops":1.0},{"task_name":"task_16","dependencies":[13],"instance_cnt":1,"flops":1.0},{"task_name":"task_17","dependencies":[14],"instance_cnt":1,"flops":0.6298888171013624},{"task_name":"task_18","dependencies":[15],"instance_cnt":1,"flops":1.0},{"task_name":"task_19","dependencies":[16],"instance_cnt":1,"flops":0.0},{"task_name":"task_20","dependencies":[17],"instance_cnt":1,"flops":0.4592988281565664},{"task_name":"task_21","dependencies":[0],"instance_cnt":20,"flops":1.0},{"task_name":"task_22","dependencies":[2],"instance_cnt":1,"flops":47.0},{"task_name":"task_23","dependencies":[0],"instance_cnt":1,"flops":92.59999999999992},{"task_name":"task_24","dependencies":[2],"instance_cnt":1,"flops":37.69858578844305},{"task_name":"task_25","dependencies":[1],"instance_cnt":1,"flops":1.0},{"task_name":"task_26","dependencies":[3],"instance_cnt":1,"flops":7.322327571880853},{"task_name":"task_27","dependencies":[0],"instance_cnt":1,"flops":92.59999999999992},{"task_name":"task_28","dependencies":[0],"instance_cnt":1,"flops":92.59999999999992},{"task_name":"task_29","dependencies":[3],"instance_cnt":1,"flops":13.0},{"task_name":"task_30","dependencies":[0],"instance_cnt":20,"flops":26.240672439099733},{"task_name":"task_31","dependencies":[1],"instance_cnt":1,"flops":8.660508243518919},{"task_name":"task_32","dependencies":[0],"instance_cnt":20,"flops":0.0},{"task_name":"task_33","dependencies":[2],"instance_cnt":1,"flops":47.0},{"task_name":"task_34","dependencies":[3],"instance_cnt":1,"flops":13.0},{"task_name":"task_35","dependencies":[0],"instance_cnt":20,"flops":1.0},{"task_name":"task_36","dependencies":[0],"instance_cnt":20,"flops":0.47788182362003173},{"task_name":"task_37","dependencies":[1],"instance_cnt":1,"flops":0.0},{"task_name":"task_38","dependencies":[3],"instance_cnt":1,"flops":47.0},{"task_name":"task_39","dependencies":[0],"instance_cnt":1,"flops":50.676563259517266}],"node_holes":[],"edge_property":"directed","edges":[[0,1,1],[1,2,1],[2,3,1],[3,4,1],[4,5,1],[0,6,1],[0,7,1],[0,8,1],[6,9,1],[7,10,1],[8,11,1],[9,12,1],[10,13,1],[11,14,1],[12,15,1],[13,16,1],[14,17,1],[15,18,1],[16,19,1],[17,20,1],[0,21,1],[2,22,1],[0,23,1],[2,24,1],[1,25,1],[3,26,1],[0,27,1],[0,28,1],[3,29,1],[0,30,1],[1,31,1],[0,32,1],[2,33,1],[3,34,1],[0,35,1],[0,36,1],[1,37,1],[3,38,1],[0,39,1]]}