{"nodes":[{"task_name":"task_0","dependencies":[],"instance_cnt":2,"flops":1.7665332220527739},{"task_name":"task_1","dependencies":[0],"instance_cnt":1,"flops":1.2385886848505576},{"task_name":"task_2","dependencies":[1],"instance_cnt":1,"flops":2.0},{"task_name":"task_3","dependencies":[2],"instance_cnt":3,"flops":4.0},{"task_name":"task_4","dependencies":[3],"instance_cnt":3,"flops":207.0},{"task_name":"task_5","dependencies":[4],"instance_cnt":3,"flops":65.0},{"task_name":"task_6","dependencies":[5],"instance_cnt":1,"flops":4.996132538022475},{"task_name":"task_7","dependencies":[6],"instance_cnt":1,"flops":1.65512918469161},{"task_name":"task_8","dependencies":[3],"instance_cnt":3,"flops":195.30526324675586},{"task_name":"task_9","dependencies":[4],"instance_cnt":3,"flops":65.0},{"task_name":"task_10","dependencies":[8],"instance_cnt":3,"flops":65.0},{"task_name":"task_11","dependencies":[8],"instance_cnt":3,"flops":65.0},{"task_name":"task_12","dependencies":[9],"instance_cnt":1,"flops":7.0},{"task_name":"task_13","dependencies":[10],"instance_cnt":1,"flops":7.0},{"task_name":"task_14","dependencies":[11],"instance_cnt":1,"flops":7.0},{"task_name":"task_15","dependencies":[12],"instance_cnt":1,"flops":5.0},{"task_name":"task_16","dependencies":[13],"instance_cnt":1,"flops":5.0},{"task_name":"task_17","dependencies":[14],"instance_cnt":1,"flops":5.0},{"task_name":"task_18","dependencies":[1],"instance_cnt":1,"flops":42.46116679496273},{"task_name":"task_19","dependencies":[2],"instance_cnt":1,"flops":7.0},{"task_name":"task_20","dependencies":[0],"instance_cnt":2,"flops":2.0},{"task_name":"task_21","dependencies":[1],"instance_cnt":1,"flops":4.35986656141575},{"task_name":"task_22","dependencies":[2],"instance_cnt":1,"flops":5.0},{"task_name":"task_23","dependencies":[0],"instance_cnt":3,"flops":2.0},{"task_name":"task_24","dependencies":[0],"instance_cnt":6,"flops":3.7538060712203194},{"task_name":"task_25","dependencies":[0],"instance_cnt":2,"flops":5.0},{"task_name":"task_26","dependencies":[0],"instance_cnt":3,"flops":1.0},{"task_name":"task_27","dependencies":[3],"instance_cnt":1,"flops":4.126651274804472},{"task_name":"task_28","dependencies":[1],"instance_cnt":1,"flops":7.0},{"task_name":"task_29","dependencies":[2],"instance_cnt":1,"flops":7.0},{"task_name":"task_30","dependencies":[0],"instance_cnt":2,"flops":2.0},{"task_name":"task_31","dependencies":[2],"instance_cnt":1,"flops":6.35220902945146},{"task_name":"task_32","dependencies":[0],"instance_cnt":2,"flops":154.54676626286187},{"task_name":"task_33","dependencies":[0],"instance_cnt":2,"flops":5.0},{"task_name":"task_34","dependencies":[0],"instance_cnt":3,"flops":1.0},{"task_name":"task_35","dependencies":[0],"instance_cnt":2,"flops":65.0},{"task_name":"task_36","dependencies":[0],"instance_cnt":6,"flops":2.5102776094289805},{"task_name":"task_37","dependencies":[0],"instance_cnt":3,"flops":2.0},{"task_name":"task_38","dependencies":[0],"instance_cnt":2,"flops":2.0},{"task_name":"task_39","dependencies":[2],"instance_cnt":1,"flops":5.0},{"task_name":"task_40","dependencies":[0],"instance_cnt":1,"flops":1.0},{"task_name":"task_41","dependencies":[0],"instance_cnt":2,"flops":65.0}],"node_holes":[],"edge_property":"directed","edges":[[0,1,1],[1,2,1],[2,3,1],[3,4,1],[4,5,1],[5,6,1],[6,7,1],[3,8,1],[4,9,1],[8,10,1],[8,11,1],[9,12,1],[10,13,1],[11,14,1],[12,15,1],[13,16,1],[14,17,1],[1,18,1],[2,19,1],[0,20,1],[1,21,1],[2,22,1],[0,23,1],[0,24,1],[0,25,1],[0,26,1],[3,27,1],[1,28,1],[2,29,1],[0,30,1],[2,31,1],[0,32,1],[0,33,1],[0,34,1],[0,35,1],[0,36,1],[0,37,1],[0,38,1],[2,39,1],[0,40,1],[0,41,1]]}