{"nodes":[{"task_name":"task_0","dependencies":[],"instance_cnt":2,"flops":2.0},{"task_name":"task_1","dependencies":[0],"instance_cnt":1,"flops":2.0},{"task_name":"task_2","dependencies":[1],"instance_cnt":1,"flops":2.0},{"task_name":"task_3","dependencies":[2],"instance_cnt":3,"flops":4.0},{"task_name":"task_4","dependencies":[3],"instance_cnt":3,"flops":207.0},{"task_name":"task_5","dependencies":[4],"instance_cnt":3,"flops":65.0},{"task_name":"task_6","dependencies":[5],"instance_cnt":1,"flops":7.0},{"task_name":"task_7","dependencies":[6],"instance_cnt":1,"flops":5.0},{"task_name":"task_8","dependencies":[3],"instance_cnt":3,"flops":207.0},{"task_name":"task_9","dependencies":[4],"instance_cnt":3,"flops":65.0},{"task_name":"task_10","dependencies":[8],"instance_cnt":3,"flops":65.0},{"task_name":"task_11","dependencies":[8],"instance_cnt":3,"flops":65.0},{"task_name":"task_12","dependencies":[9],"instance_cnt":1,"flops":7.0},{"task_name":"task_13","dependencies":[10],"instance_cnt":1,"flops":4.66040060958624},{"task_name":"task_14","dependencies":[11],"instance_cnt":1,"flops":4.578359295358287},{"task_name":"task_15","dependencies":[12],"instance_cnt":1,"flops":5.0},{"task_name":"task_16","dependencies":[13],"instance_cnt":1,"flops":1.0},{"task_name":"task_17","dependencies":[14],"instance_cnt":1,"flops":3.301686197507367},{"task_name":"task_18","dependencies":[0],"instance_cnt":1,"flops":7.0},{"task_name":"task_19","dependencies":[0],"instance_cnt":2,"flops":2.0},{"task_name":"task_20","dependencies":[0],"instance_cnt":2,"flops":1.4031666997739318},{"task_name":"task_21","dependencies":[1],"instance_cnt":1,"flops":6.077881573289389},{"task_name":"task_22","dependencies":[1],"instance_cnt":1,"flops":65.0},{"task_name":"task_23","dependencies":[0],"instance_cnt":1,"flops":7.0},{"task_name":"task_24","dependencies":[1],"instance_cnt":1,"flops":5.0},{"task_name":"task_25","dependencies":[0],"instance_cnt":2,"flops":207.0},{"task_name":"task_26","dependencies":[0],"instance_cnt":1,"flops":4.298313829262359},{"task_name":"task_27","dependencies":[0],"instance_cnt":2,"flops":207.0},{"task_name":"task_28","dependencies":[0],"instance_cnt":2,"flops":44.4951618548094},{"task_name":"task_29","dependencies":[0],"instance_cnt":2,"flops":2.0},{"task_name":"task_30","dependencies":[0],"instance_cnt":2,"flops":5.0},{"task_name":"task_31","dependencies":[0],"instance_cnt":2,"flops":65.0},{"task_name":"task_32","dependencies":[2],"instance_cnt":1,"flops":5.0},{"task_name":"task_33","dependencies":[1],"instance_cnt":1,"flops":5.0},{"task_name":"task_34","dependencies":[1],"instance_cnt":1,"flops":7.0},{"task_name":"task_35","dependencies":[0],"instance_cnt":1,"flops":7.0},{"task_name":"task_36","dependencies":[0],"instance_cnt":1,"flops":7.0},{"task_name":"task_37","dependencies":[0],"instance_cnt":6,"flops":4.0},{"task_name":"task_38","dependencies":[1],"instance_cnt":1,"flops":7.0},{"task_name":"task_39","dependencies":[3],"instance_cnt":3,"flops":1.0},{"task_name":"task_40","dependencies":[0],"instance_cnt":2,"flops":5.0},{"task_name":"task_41","dependencies":[0],"instance_cnt":2,"flops":5.0},{"task_name":"task_42","dependencies":[0],"instance_cnt":2,"flops":2.0},{"task_name":"task_43","dependencies":[3],"instance_cnt":1,"flops":4.577694477066758}],"node_holes":[],"edge_property":"directed","edges":[[0,1,1],[1,2,1],[2,3,1],[3,4,1],[4,5,1],[5,6,1],[6,7,1],[3,8,1],[4,9,1],[8,10,1],[8,11,1],[9,12,1],[10,13,1],[11,14,1],[12,15,1],[13,16,1],[14,17,1],[0,18,1],[0,19,1],[0,20,1],[1,21,1],[1,22,1],[0,23,1],[1,24,1],[0,25,1],[0,26,1],[0,27,1],[0,28,1],[0,29,1],[0,30,1],[0,31,1],[2,32,1],[1,33,1],[1,34,1],[0,35,1],[0,36,1],[0,37,1],[1,38,1],[3,39,1],[0,40,1],[0,41,1],[0,42,1],[3,43,1]]}