{"nodes":[{"task_name":"task_0","dependencies":[],"instance_cnt":1,"flops":2.0},{"task_name":"task_1","dependencies":[0],"instance_cnt":1,"flops":1.0},{"task_name":"task_2","dependencies":[1],"instance_cnt":1,"flops":1.0},{"task_name":"task_3","dependencies":[2],"instance_cnt":1,"flops":1.0},{"task_name":"task_4","dependencies":[3],"instance_cnt":1,"flops":1.0},{"task_name":"task_5","dependencies":[4],"instance_cnt":1,"flops":1.0},{"task_name":"task_6","dependencies":[5],"instance_cnt":1,"flops":0.0},{"task_name":"task_7","dependencies":[6],"instance_cnt":1,"flops":1.0},{"task_name":"task_8","dependencies":[7],"instance_cnt":1,"flops":1.0},{"task_name":"task_9","dependencies":[8],"instance_cnt":1,"flops":1.0},{"task_name":"task_10","dependencies":[0],"instance_cnt":1,"flops":0.0},{"task_name":"task_11","dependencies":[0],"instance_cnt":1,"flops":0.9941162045158687},{"task_name":"task_12","dependencies":[10],"instance_cnt":1,"flops":1.0},{"task_name":"task_13","dependencies":[11],"instance_cnt":1,"flops":1.0},{"task_name":"task_14","dependencies":[12],"instance_cnt":1,"flops":1.0},{"task_name":"task_15","dependencies":[13],"instance_cnt":1,"flops":1.0},{"task_name":"task_16","dependencies":[14],"instance_cnt":1,"flops":1.0},{"task_name":"task_17","dependencies":[15],"instance_cnt":1,"flops":1.0},{"task_name":"task_18","dependencies":[16],"instance_cnt":1,"flops":1.0},{"task_name":"task_19","dependencies":[17],"instance_cnt":1,"flops":0.9280557494024921},{"task_name":"task_20","dependencies":[18],"instance_cnt":1,"flops":1.0},{"task_name":"task_21","dependencies":[19],"instance_cnt":1,"flops":1.0},{"task_name":"task_22","dependencies":[20],"instance_cnt":1,"flops":1.0},{"task_name":"task_23","dependencies":[21],"instance_cnt":1,"flops":0.40388890749208706},{"task_name":"task_24","dependencies":[22],"instance_cnt":1,"flops":1.0},{"task_name":"task_25","dependencies":[23],"instance_cnt":1,"flops":1.0},{"task_name":"task_26","dependencies":[24],"instance_cnt":1,"flops":1.0},{"task_name":"task_27","dependencies":[25],"instance_cnt":1,"flops":1.0},{"task_name":"task_28","dependencies":[1],"instance_cnt":1,"flops":1.0},{"task_name":"task_29","dependencies":[2],"instance_cnt":1,"flops":1.0},{"task_name":"task_30","dependencies":[0],"instance_cnt":1,"flops":1.0},{"task_name":"task_31","dependencies":[1],"instance_cnt":1,"flops":1.0},{"task_name":"task_32","dependencies":[0],"instance_cnt":1,"flops":1.0},{"task_name":"task_33","dependencies":[0],"instance_cnt":1,"flops":1.0},{"task_name":"task_34","dependencies":[2],"instance_cnt":1,"flops":1.0},{"task_name":"task_35","dependencies":[2],"instance_cnt":1,"flops":1.0},{"task_name":"task_36","dependencies":[0],"instance_cnt":1,"flops":1.0},{"task_name":"task_37","dependencies":[0],"instance_cnt":1,"flops":1.0},{"task_name":"task_38","dependencies":[1],"instance_cnt":1,"flops":1.0},{"task_name":"task_39","dependencies":[0],"instance_cnt":1,"flops":1.0},{"task_name":"task_40","dependencies":[0],"instance_cnt":1,"flops":0.16125632620440822},{"task_name":"task_41","dependencies":[2],"instance_cnt":1,"flops":1.0},{"task_name":"task_42","dependencies":[1],"instance_cnt":1,"flops":1.0},{"task_name":"task_43","dependencies":[1],"instance_cnt":1,"flops":0.5620588514160685},{"task_name":"task_44","dependencies":[1],"instance_cnt":1,"flops":1.0},{"task_name":"task_45","dependencies":[1],"instance_cnt":1,"flops":1.0},{"task_name":"task_46","dependencies":[0],"instance_cnt":1,"flops":1.0},{"task_name":"task_47","dependencies":[2],"instance_cnt":1,"flops":1.0},{"task_name":"task_48","dependencies":[0],"instance_cnt":1,"flops":1.0},{"task_name":"task_49","dependencies":[2],"instance_cnt":1,"flops":1.0},{"task_name":"task_50","dependencies":[2],"instance_cnt":1,"flops":1.0},{"task_name":"task_51","dependencies":[0],"instance_cnt":1,"flops":1.0},{"task_name":"task_52","dependencies":[0],"instance_cnt":1,"flops":1.0},{"task_name":"task_53","dependencies":[1],"instance_cnt":1,"flops":1.0},{"task_name":"task_54","dependencies":[2],"instance_cnt":1,"flops":1.0},{"task_name":"task_55","dependencies":[2],"instance_cnt":1,"flops":1.0}],"node_holes":[],"edge_property":"directed","edges":[[0,1,1],[1,2,1],[2,3,1],[3,4,1],[4,5,1],[5,6,1],[6,7,1],[7,8,1],[8,9,1],[0,10,1],[0,11,1],[10,12,1],[11,13,1],[12,14,1],[13,15,1],[14,16,1],[15,17,1],[16,18,1],[17,19,1],[18,20,1],[19,21,1],[20,22,1],[21,23,1],[22,24,1],[23,25,1],[24,26,1],[25,27,1],[1,28,1],[2,29,1],[0,30,1],[1,31,1],[0,32,1],[0,33,1],[2,34,1],[2,35,1],[0,36,1],[0,37,1],[1,38,1],[0,39,1],[0,40,1],[2,41,1],[1,42,1],[1,43,1],[1,44,1],[1,45,1],[0,46,1],[2,47,1],[0,48,1],[2,49,1],[2,50,1],[0,51,1],[0,52,1],[1,53,1],[2,54,1],[2,55,1]]}