{"nodes":[{"task_name":"task_0","dependencies":[],"instance_cnt":2,"flops":2.0},{"task_name":"task_1","dependencies":[0],"instance_cnt":3,"flops":2.0},{"task_name":"task_2","dependencies":[1],"instance_cnt":3,"flops":2.0},{"task_name":"task_3","dependencies":[2],"instance_cnt":9,"flops":4.0},{"task_name":"task_4","dependencies":[3],"instance_cnt":9,"flops":159.45013361581155},{"task_name":"task_5","dependencies":[4],"instance_cnt":9,"flops":65.0},{"task_name":"task_6","dependencies":[5],"instance_cnt":2,"flops":7.0},{"task_name":"task_7","dependencies":[6],"instance_cnt":2,"flops":1.0},{"task_name":"task_8","dependencies":[4],"instance_cnt":9,"flops":65.0},{"task_name":"task_9","dependencies":[8],"instance_cnt":3,"flops":7.0},{"task_name":"task_10","dependencies":[9],"instance_cnt":3,"flops":1.0},{"task_name":"task_11","dependencies":[1],"instance_cnt":3,"flops":5.0},{"task_name":"task_12","dependencies":[0],"instance_cnt":1,"flops":4.491492074791876},{"task_name":"task_13","dependencies":[0],"instance_cnt":2,"flops":46.679485751405},{"task_name":"task_14","dependencies":[1],"instance_cnt":1,"flops":7.0},{"task_name":"task_15","dependencies":[0],"instance_cnt":1,"flops":7.0},{"task_name":"task_16","dependencies":[0],"instance_cnt":2,"flops":65.0},{"task_name":"task_17","dependencies":[0],"instance_cnt":2,"flops":42.20202022324982},{"task_name":"task_18","dependencies":[0],"instance_cnt":2,"flops":65.0},{"task_name":"task_19","dependencies":[0],"instance_cnt":2,"flops":5.0},{"task_name":"task_20","dependencies":[0],"instance_cnt":2,"flops":207.0},{"task_name":"task_21","dependencies":[0],"instance_cnt":2,"flops":5.0},{"task_name":"task_22","dependencies":[1],"instance_cnt":1,"flops":7.0},{"task_name":"task_23","dependencies":[0],"instance_cnt":2,"flops":65.0},{"task_name":"task_24","dependencies":[1],"instance_cnt":1,"flops":5.839614513219397},{"task_name":"task_25","dependencies":[0],"instance_cnt":2,"flops":65.0},{"task_name":"task_26","dependencies":[0],"instance_cnt":6,"flops":2.7911138131384456},{"task_name":"task_27","dependencies":[0],"instance_cnt":3,"flops":2.0},{"task_name":"task_28","dependencies":[0],"instance_cnt":2,"flops":1.0},{"task_name":"task_29","dependencies":[1],"instance_cnt":3,"flops":5.0},{"task_name":"task_30","dependencies":[0],"instance_cnt":2,"flops":65.0},{"task_name":"task_31","dependencies":[0],"instance_cnt":2,"flops":1.0},{"task_name":"task_32","dependencies":[0],"instance_cnt":2,"flops":1.0},{"task_name":"task_33","dependencies":[0],"instance_cnt":2,"flops":65.0},{"task_name":"task_34","dependencies":[0],"instance_cnt":3,"flops":2.0},{"task_name":"task_35","dependencies":[0],"instance_cnt":1,"flops":2.0},{"task_name":"task_36","dependencies":[1],"instance_cnt":3,"flops":5.0},{"task_name":"task_37","dependencies":[0],"instance_cnt":2,"flops":45.53795274243322},{"task_name":"task_38","dependencies":[1],"instance_cnt":1,"flops":7.0},{"task_name":"task_39","dependencies":[0],"instance_cnt":2,"flops":207.0},{"task_name":"task_40","dependencies":[0],"instance_cnt":2,"flops":44.81124126852379},{"task_name":"task_41","dependencies":[1],"instance_cnt":3,"flops":5.0}],"node_holes":[],"edge_property":"directed","edges":[[0,1,1],[1,2,1],[2,3,1],[3,4,1],[4,5,1],[5,6,1],[6,7,1],[4,8,1],[8,9,1],[9,10,1],[1,11,1],[0,12,1],[0,13,1],[1,14,1],[0,15,1],[0,16,1],[0,17,1],[0,18,1],[0,19,1],[0,20,1],[0,21,1],[1,22,1],[0,23,1],[1,24,1],[0,25,1],[0,26,1],[0,27,1],[0,28,1],[1,29,1],[0,30,1],[0,31,1],[0,32,1],[0,33,1],[0,34,1],[0,35,1],[1,36,1],[0,37,1],[1,38,1],[0,39,1],[0,40,1],[1,41,1]]}