{"nodes":[{"task_name":"task_0","dependencies":[],"instance_cnt":2,"flops":1.0},{"task_name":"task_1","dependencies":[0],"instance_cnt":2,"flops":2.0},{"task_name":"task_2","dependencies":[1],"instance_cnt":2,"flops":2.0},{"task_name":"task_3","dependencies":[2],"instance_cnt":6,"flops":4.0},{"task_name":"task_4","dependencies":[3],"instance_cnt":6,"flops":207.0},{"task_name":"task_5","dependencies":[4],"instance_cnt":6,"flops":44.426077465370625},{"task_name":"task_6","dependencies":[5],"instance_cnt":2,"flops":4.297127060636492},{"task_name":"task_7","dependencies":[6],"instance_cnt":2,"flops":1.8006366656751123},{"task_name":"task_8","dependencies":[3],"instance_cnt":6,"flops":207.0},{"task_name":"task_9","dependencies":[4],"instance_cnt":6,"flops":65.0},{"task_name":"task_10","dependencies":[8],"instance_cnt":6,"flops":53.41793113631867},{"task_name":"task_11","dependencies":[8],"instance_cnt":6,"flops":65.0},{"task_name":"task_12","dependencies":[9],"instance_cnt":2,"flops":7.0},{"task_name":"task_13","dependencies":[10],"instance_cnt":1,"flops":7.0},{"task_name":"task_14","dependencies":[11],"instance_cnt":2,"flops":5.987602352057854},{"task_name":"task_15","dependencies":[12],"instance_cnt":2,"flops":5.0},{"task_name":"task_16","dependencies":[13],"instance_cnt":1,"flops":5.0},{"task_name":"task_17","dependencies":[14],"instance_cnt":2,"flops":5.0},{"task_name":"task_18","dependencies":[0],"instance_cnt":2,"flops":65.0},{"task_name":"task_19","dependencies":[1],"instance_cnt":2,"flops":61.63169193785869},{"task_name":"task_20","dependencies":[3],"instance_cnt":6,"flops":4.627782153999382},{"task_name":"task_21","dependencies":[1],"instance_cnt":2,"flops":65.0},{"task_name":"task_22","dependencies":[0],"instance_cnt":2,"flops":5.0},{"task_name":"task_23","dependencies":[2],"instance_cnt":1,"flops":7.0},{"task_name":"task_24","dependencies":[0],"instance_cnt":3,"flops":2.0},{"task_name":"task_25","dependencies":[0],"instance_cnt":2,"flops":2.0},{"task_name":"task_26","dependencies":[1],"instance_cnt":1,"flops":7.0},{"task_name":"task_27","dependencies":[0],"instance_cnt":2,"flops":2.0},{"task_name":"task_28","dependencies":[2],"instance_cnt":1,"flops":6.332954219909354},{"task_name":"task_29","dependencies":[0],"instance_cnt":2,"flops":65.0},{"task_name":"task_30","dependencies":[0],"instance_cnt":2,"flops":2.0},{"task_name":"task_31","dependencies":[1],"instance_cnt":1,"flops":4.735374127516192},{"task_name":"task_32","dependencies":[0],"instance_cnt":2,"flops":65.0},{"task_name":"task_33","dependencies":[0],"instance_cnt":3,"flops":1.9691736064917773},{"task_name":"task_34","dependencies":[0],"instance_cnt":1,"flops":7.0},{"task_name":"task_35","dependencies":[2],"instance_cnt":1,"flops":4.787451773948868},{"task_name":"task_36","dependencies":[0],"instance_cnt":1,"flops":7.0},{"task_name":"task_37","dependencies":[1],"instance_cnt":2,"flops":54.47517842879986}],"node_holes":[],"edge_property":"directed","edges":[[0,1,1],[1,2,1],[2,3,1],[3,4,1],[4,5,1],[5,6,1],[6,7,1],[3,8,1],[4,9,1],[8,10,1],[8,11,1],[9,12,1],[10,13,1],[11,14,1],[12,15,1],[13,16,1],[14,17,1],[0,18,1],[1,19,1],[3,20,1],[1,21,1],[0,22,1],[2,23,1],[0,24,1],[0,25,1],[1,26,1],[0,27,1],[2,28,1],[0,29,1],[0,30,1],[1,31,1],[0,32,1],[0,33,1],[0,34,1],[2,35,1],[0,36,1],[1,37,1]]}