{"nodes":[{"task_name":"task_0","dependencies":[],"instance_cnt":2,"flops":2.0},{"task_name":"task_1","dependencies":[0],"instance_cnt":3,"flops":2.0},{"task_name":"task_2","dependencies":[1],"instance_cnt":3,"flops":2.0},{"task_name":"task_3","dependencies":[2],"instance_cnt":9,"flops":4.0},{"task_name":"task_4","dependencies":[3],"instance_cnt":9,"flops":207.0},{"task_name":"task_5","dependencies":[4],"instance_cnt":9,"flops":65.0},{"task_name":"task_6","dependencies":[5],"instance_cnt":3,"flops":4.567201155707108},{"task_name":"task_7","dependencies":[6],"instance_cnt":3,"flops":5.0},{"task_name":"task_8","dependencies":[4],"instance_cnt":9,"flops":46.03790278546866},{"task_name":"task_9","dependencies":[8],"instance_cnt":1,"flops":4.385167470884622},{"task_name":"task_10","dependencies":[9],"instance_cnt":1,"flops":5.0},{"task_name":"task_11","dependencies":[1],"instance_cnt":1,"flops":4.808301646135547},{"task_name":"task_12","dependencies":[0],"instance_cnt":1,"flops":4.330174625068487},{"task_name":"task_13","dependencies":[0],"instance_cnt":3,"flops":2.0},{"task_name":"task_14","dependencies":[0],"instance_cnt":2,"flops":5.0},{"task_name":"task_15","dependencies":[1],"instance_cnt":3,"flops":5.0},{"task_name":"task_16","dependencies":[0],"instance_cnt":2,"flops":65.0},{"task_name":"task_17","dependencies":[0],"instance_cnt":2,"flops":1.0},{"task_name":"task_18","dependencies":[0],"instance_cnt":2,"flops":207.0},{"task_name":"task_19","dependencies":[0],"instance_cnt":2,"flops":1.0},{"task_name":"task_20","dependencies":[0],"instance_cnt":6,"flops":4.0},{"task_name":"task_21","dependencies":[0],"instance_cnt":6,"flops":4.0},{"task_name":"task_22","dependencies":[0],"instance_cnt":1,"flops":7.0},{"task_name":"task_23","dependencies":[0],"instance_cnt":2,"flops":5.0},{"task_name":"task_24","dependencies":[0],"instance_cnt":1,"flops":4.619039906750113},{"task_name":"task_25","dependencies":[0],"instance_cnt":3,"flops":2.0},{"task_name":"task_26","dependencies":[1],"instance_cnt":3,"flops":1.0},{"task_name":"task_27","dependencies":[0],"instance_cnt":2,"flops":5.0},{"task_name":"task_28","dependencies":[0],"instance_cnt":2,"flops":207.0},{"task_name":"task_29","dependencies":[1],"instance_cnt":3,"flops":1.0},{"task_name":"task_30","dependencies":[1],"instance_cnt":3,"flops":1.0},{"task_name":"task_31","dependencies":[0],"instance_cnt":6,"flops":3.163873758564283},{"task_name":"task_32","dependencies":[0],"instance_cnt":2,"flops":207.0},{"task_name":"task_33","dependencies":[0],"instance_cnt":1,"flops":7.0},{"task_name":"task_34","dependencies":[0],"instance_cnt":1,"flops":7.0},{"task_name":"task_35","dependencies":[0],"instance_cnt":1,"flops":7.0},{"task_name":"task_36","dependencies":[0],"instance_cnt":1,"flops":7.0},{"task_name":"task_37","dependencies":[0],"instance_cnt":2,"flops":65.0},{"task_name":"task_38","dependencies":[0],"instance_cnt":2,"flops":45.695163129939104},{"task_name":"task_39","dependencies":[0],"instance_cnt":6,"flops":2.5616701600655394},{"task_name":"task_40","dependencies":[0],"instance_cnt":1,"flops":7.0},{"task_name":"task_41","dependencies":[0],"instance_cnt":2,"flops":65.0},{"task_name":"task_42","dependencies":[0],"instance_cnt":1,"flops":4.2727579740265105},{"task_name":"task_43","dependencies":[0],"instance_cnt":2,"flops":65.0},{"task_name":"task_44","dependencies":[0],"instance_cnt":2,"flops":207.0},{"task_name":"task_45","dependencies":[1],"instance_cnt":3,"flops":5.0}],"node_holes":[],"edge_property":"directed","edges":[[0,1,1],[1,2,1],[2,3,1],[3,4,1],[4,5,1],[5,6,1],[6,7,1],[4,8,1],[8,9,1],[9,10,1],[1,11,1],[0,12,1],[0,13,1],[0,14,1],[1,15,1],[0,16,1],[0,17,1],[0,18,1],[0,19,1],[0,20,1],[0,21,1],[0,22,1],[0,23,1],[0,24,1],[0,25,1],[1,26,1],[0,27,1],[0,28,1],[1,29,1],[1,30,1],[0,31,1],[0,32,1],[0,33,1],[0,34,1],[0,35,1],[0,36,1],[0,37,1],[0,38,1],[0,39,1],[0,40,1],[0,41,1],[0,42,1],[0,43,1],[0,44,1],[1,45,1]]}