{"nodes":[{"task_name":"task_0","dependencies":[],"instance_cnt":2,"flops":2.0},{"task_name":"task_1","dependencies":[0],"instance_cnt":3,"flops":2.0},{"task_name":"task_2","dependencies":[1],"instance_cnt":1,"flops":1.0},{"task_name":"task_3","dependencies":[2],"instance_cnt":1,"flops":4.0},{"task_name":"task_4","dependencies":[3],"instance_cnt":1,"flops":207.0},{"task_name":"task_5","dependencies":[4],"instance_cnt":1,"flops":55.77515012916794},{"task_name":"task_6","dependencies":[5],"instance_cnt":1,"flops":7.0},{"task_name":"task_7","dependencies":[6],"instance_cnt":1,"flops":4.163828486035063},{"task_name":"task_8","dependencies":[3],"instance_cnt":1,"flops":149.06845096243197},{"task_name":"task_9","dependencies":[4],"instance_cnt":1,"flops":65.0},{"task_name":"task_10","dependencies":[8],"instance_cnt":1,"flops":45.597043322239244},{"task_name":"task_11","dependencies":[8],"instance_cnt":1,"flops":65.0},{"task_name":"task_12","dependencies":[9],"instance_cnt":1,"flops":4.2169384225016735},{"task_name":"task_13","dependencies":[10],"instance_cnt":1,"flops":5.171160824288744},{"task_name":"task_14","dependencies":[11],"instance_cnt":1,"flops":5.22283999258787},{"task_name":"task_15","dependencies":[12],"instance_cnt":1,"flops":4.368584700891384},{"task_name":"task_16","dependencies":[13],"instance_cnt":1,"flops":5.0},{"task_name":"task_17","dependencies":[14],"instance_cnt":1,"flops":5.0},{"task_name":"task_18","dependencies":[0],"instance_cnt":3,"flops":2.0},{"task_name":"task_19","dependencies":[1],"instance_cnt":3,"flops":65.0},{"task_name":"task_20","dependencies":[0],"instance_cnt":1,"flops":2.0},{"task_name":"task_21","dependencies":[1],"instance_cnt":1,"flops":7.0},{"task_name":"task_22","dependencies":[3],"instance_cnt":1,"flops":5.0},{"task_name":"task_23","dependencies":[0],"instance_cnt":2,"flops":2.0},{"task_name":"task_24","dependencies":[0],"instance_cnt":2,"flops":65.0},{"task_name":"task_25","dependencies":[0],"instance_cnt":2,"flops":2.0},{"task_name":"task_26","dependencies":[3],"instance_cnt":1,"flops":5.0},{"task_name":"task_27","dependencies":[0],"instance_cnt":1,"flops":2.0},{"task_name":"task_28","dependencies":[0],"instance_cnt":2,"flops":207.0},{"task_name":"task_29","dependencies":[0],"instance_cnt":3,"flops":2.0},{"task_name":"task_30","dependencies":[1],"instance_cnt":3,"flops":53.44381353669377},{"task_name":"task_31","dependencies":[0],"instance_cnt":2,"flops":207.0},{"task_name":"task_32","dependencies":[3],"instance_cnt":1,"flops":1.0},{"task_name":"task_33","dependencies":[0],"instance_cnt":2,"flops":65.0},{"task_name":"task_34","dependencies":[2],"instance_cnt":1,"flops":5.584396835896074},{"task_name":"task_35","dependencies":[1],"instance_cnt":3,"flops":65.0},{"task_name":"task_36","dependencies":[1],"instance_cnt":3,"flops":3.745709892193114},{"task_name":"task_37","dependencies":[0],"instance_cnt":1,"flops":7.0},{"task_name":"task_38","dependencies":[2],"instance_cnt":1,"flops":7.0},{"task_name":"task_39","dependencies":[0],"instance_cnt":2,"flops":5.0}],"node_holes":[],"edge_property":"directed","edges":[[0,1,1],[1,2,1],[2,3,1],[3,4,1],[4,5,1],[5,6,1],[6,7,1],[3,8,1],[4,9,1],[8,10,1],[8,11,1],[9,12,1],[10,13,1],[11,14,1],[12,15,1],[13,16,1],[14,17,1],[0,18,1],[1,19,1],[0,20,1],[1,21,1],[3,22,1],[0,23,1],[0,24,1],[0,25,1],[3,26,1],[0,27,1],[0,28,1],[0,29,1],[1,30,1],[0,31,1],[3,32,1],[0,33,1],[2,34,1],[1,35,1],[1,36,1],[0,37,1],[2,38,1],[0,39,1]]}