{"nodes":[{"task_name":"task_0","dependencies":[],"instance_cnt":2,"flops":2.0},{"task_name":"task_1","dependencies":[0],"instance_cnt":1,"flops":1.0},{"task_name":"task_2","dependencies":[1],"instance_cnt":1,"flops":1.0},{"task_name":"task_3","dependencies":[2],"instance_cnt":3,"flops":4.0},{"task_name":"task_4","dependencies":[3],"instance_cnt":3,"flops":174.43038067827123},{"task_name":"task_5","dependencies":[4],"instance_cnt":3,"flops":44.85343406100551},{"task_name":"task_6","dependencies":[5],"instance_cnt":1,"flops":7.0},{"task_name":"task_7","dependencies":[6],"instance_cnt":1,"flops":5.0},{"task_name":"task_8","dependencies":[3],"instance_cnt":3,"flops":149.22482669872198},{"task_name":"task_9","dependencies":[4],"instance_cnt":3,"flops":65.0},{"task_name":"task_10","dependencies":[8],"instance_cnt":3,"flops":53.2867680826881},{"task_name":"task_11","dependencies":[8],"instance_cnt":3,"flops":44.52120230530266},{"task_name":"task_12","dependencies":[9],"instance_cnt":1,"flops":4.7365741756217234},{"task_name":"task_13","dependencies":[10],"instance_cnt":1,"flops":6.067756735028088},{"task_name":"task_14","dependencies":[11],"instance_cnt":1,"flops":7.0},{"task_name":"task_15","dependencies":[12],"instance_cnt":1,"flops":5.0},{"task_name":"task_16","dependencies":[13],"instance_cnt":1,"flops":5.0},{"task_name":"task_17","dependencies":[14],"instance_cnt":1,"flops":5.0},{"task_name":"task_18","dependencies":[0],"instance_cnt":1,"flops":7.0},{"task_name":"task_19","dependencies":[1],"instance_cnt":1,"flops":65.0},{"task_name":"task_20","dependencies":[0],"instance_cnt":2,"flops":207.0},{"task_name":"task_21","dependencies":[0],"instance_cnt":6,"flops":4.0},{"task_name":"task_22","dependencies":[0],"instance_cnt":1,"flops":7.0},{"task_name":"task_23","dependencies":[0],"instance_cnt":1,"flops":4.203171540550215},{"task_name":"task_24","dependencies":[1],"instance_cnt":1,"flops":5.0},{"task_name":"task_25","dependencies":[0],"instance_cnt":2,"flops":207.0},{"task_name":"task_26","dependencies":[1],"instance_cnt":1,"flops":65.0},{"task_name":"task_27","dependencies":[2],"instance_cnt":1,"flops":7.0},{"task_name":"task_28","dependencies":[1],"instance_cnt":1,"flops":57.90433731509039},{"task_name":"task_29","dependencies":[0],"instance_cnt":6,"flops":4.0},{"task_name":"task_30","dependencies":[1],"instance_cnt":1,"flops":5.0},{"task_name":"task_31","dependencies":[0],"instance_cnt":2,"flops":5.0},{"task_name":"task_32","dependencies":[1],"instance_cnt":1,"flops":44.749021107673286},{"task_name":"task_33","dependencies":[1],"instance_cnt":1,"flops":5.0},{"task_name":"task_34","dependencies":[0],"instance_cnt":1,"flops":7.0},{"task_name":"task_35","dependencies":[2],"instance_cnt":1,"flops":3.5913623284870795},{"task_name":"task_36","dependencies":[3],"instance_cnt":1,"flops":7.0},{"task_name":"task_37","dependencies":[3],"instance_cnt":1,"flops":4.013741066313684},{"task_name":"task_38","dependencies":[1],"instance_cnt":1,"flops":4.0504637082491675},{"task_name":"task_39","dependencies":[0],"instance_cnt":1,"flops":2.0},{"task_name":"task_40","dependencies":[1],"instance_cnt":1,"flops":5.102391220611419},{"task_name":"task_41","dependencies":[0],"instance_cnt":2,"flops":44.58519761488506}],"node_holes":[],"edge_property":"directed","edges":[[0,1,1],[1,2,1],[2,3,1],[3,4,1],[4,5,1],[5,6,1],[6,7,1],[3,8,1],[4,9,1],[8,10,1],[8,11,1],[9,12,1],[10,13,1],[11,14,1],[12,15,1],[13,16,1],[14,17,1],[0,18,1],[1,19,1],[0,20,1],[0,21,1],[0,22,1],[0,23,1],[1,24,1],[0,25,1],[1,26,1],[2,27,1],[1,28,1],[0,29,1],[1,30,1],[0,31,1],[1,32,1],[1,33,1],[0,34,1],[2,35,1],[3,36,1],[3,37,1],[1,38,1],[0,39,1],[1,40,1],[0,41,1]]}