{"nodes":[{"task_name":"task_0","dependencies":[],"instance_cnt":2,"flops":2.0},{"task_name":"task_1","dependencies":[0],"instance_cnt":3,"flops":1.0},{"task_name":"task_2","dependencies":[1],"instance_cnt":3,"flops":2.0},{"task_name":"task_3","dependencies":[2],"instance_cnt":3,"flops":4.0},{"task_name":"task_4","dependencies":[3],"instance_cnt":3,"flops":207.0},{"task_name":"task_5","dependencies":[4],"instance_cnt":3,"flops":65.0},{"task_name":"task_6","dependencies":[5],"instance_cnt":1,"flops":4.109480142296135},{"task_name":"task_7","dependencies":[6],"instance_cnt":1,"flops":5.0},{"task_name":"task_8","dependencies":[4],"instance_cnt":3,"flops":43.02528034837652},{"task_name":"task_9","dependencies":[8],"instance_cnt":1,"flops":4.120951439438999},{"task_name":"task_10","dependencies":[9],"instance_cnt":1,"flops":5.0},{"task_name":"task_11","dependencies":[0],"instance_cnt":2,"flops":5.0},{"task_name":"task_12","dependencies":[0],"instance_cnt":2,"flops":207.0},{"task_name":"task_13","dependencies":[0],"instance_cnt":1,"flops":7.0},{"task_name":"task_14","dependencies":[0],"instance_cnt":2,"flops":2.0},{"task_name":"task_15","dependencies":[0],"instance_cnt":1,"flops":7.0},{"task_name":"task_16","dependencies":[1],"instance_cnt":3,"flops":5.0},{"task_name":"task_17","dependencies":[0],"instance_cnt":1,"flops":7.0},{"task_name":"task_18","dependencies":[0],"instance_cnt":3,"flops":2.0},{"task_name":"task_19","dependencies":[0],"instance_cnt":2,"flops":1.0},{"task_name":"task_20","dependencies":[0],"instance_cnt":2,"flops":207.0},{"task_name":"task_21","dependencies":[1],"instance_cnt":1,"flops":4.39011452157561},{"task_name":"task_22","dependencies":[0],"instance_cnt":2,"flops":65.0},{"task_name":"task_23","dependencies":[1],"instance_cnt":3,"flops":5.0},{"task_name":"task_24","dependencies":[0],"instance_cnt":2,"flops":65.0},{"task_name":"task_25","dependencies":[1],"instance_cnt":3,"flops":1.3131687427084433},{"task_name":"task_26","dependencies":[0],"instance_cnt":2,"flops":207.0},{"task_name":"task_27","dependencies":[1],"instance_cnt":1,"flops":7.0},{"task_name":"task_28","dependencies":[0],"instance_cnt":6,"flops":2.3531205888798263},{"task_name":"task_29","dependencies":[0],"instance_cnt":1,"flops":7.0},{"task_name":"task_30","dependencies":[0],"instance_cnt":2,"flops":42.95944649892913},{"task_name":"task_31","dependencies":[1],"instance_cnt":1,"flops":5.733721297667719},{"task_name":"task_32","dependencies":[0],"instance_cnt":1,"flops":7.0},{"task_name":"task_33","dependencies":[0],"instance_cnt":2,"flops":65.0},{"task_name":"task_34","dependencies":[1],"instance_cnt":1,"flops":7.0},{"task_name":"task_35","dependencies":[0],"instance_cnt":1,"flops":5.292770177303171},{"task_name":"task_36","dependencies":[0],"instance_cnt":2,"flops":65.0},{"task_name":"task_37","dependencies":[0],"instance_cnt":3,"flops":2.0},{"task_name":"task_38","dependencies":[1],"instance_cnt":1,"flops":4.2147574294231305},{"task_name":"task_39","dependencies":[0],"instance_cnt":1,"flops":4.537043172262139},{"task_name":"task_40","dependencies":[0],"instance_cnt":2,"flops":5.0},{"task_name":"task_41","dependencies":[0],"instance_cnt":2,"flops":207.0}],"node_holes":[],"edge_property":"directed","edges":[[0,1,1],[1,2,1],[2,3,1],[3,4,1],[4,5,1],[5,6,1],[6,7,1],[4,8,1],[8,9,1],[9,10,1],[0,11,1],[0,12,1],[0,13,1],[0,14,1],[0,15,1],[1,16,1],[0,17,1],[0,18,1],[0,19,1],[0,20,1],[1,21,1],[0,22,1],[1,23,1],[0,24,1],[1,25,1],[0,26,1],[1,27,1],[0,28,1],[0,29,1],[0,30,1],[1,31,1],[0,32,1],[0,33,1],[1,34,1],[0,35,1],[0,36,1],[0,37,1],[1,38,1],[0,39,1],[0,40,1],[0,41,1]]}